id,name,section,categories,location_group,directory_neighbourhood,address,matched_address,lat,lng,precision,address_source,geocoder,phone,email,website,ownership,sustaining_member,sustainable_practices,sales_methods,directory_url,listing_updated
a-clean-ups-junk-removal-and-property-cl,A+ Clean Ups (Junk Removal and Property Clean Ups),"Home, office and garden",Recycling and Waste Management,Bellingham: outside city limits,Bellingham: Barkley,"5558 Guide Meridian, Bellingham WA 98226","5558 GUIDE MERIDIAN, BELLINGHAM, WA, 98226",48.842512,-122.485894,street,apluscleanups.com,US Census geocoder,360-599-1501,apluscleanups@aol.com,http://www.apluscleanups.com,*Family Owned and Operated = Fair and Reasonable Rates.,,,Services,https://sustainableconnections.org/a-clean-ups-junk-removal-and-property-clean-ups/,2026-10-01
a-clean-ups-junk-removal-and-property-cl-2,A+ Clean Ups (Junk Removal and Property Clean Ups),"Home, office and garden",Recycling and Waste Management,"Mt. Baker Hwy – Deming, Maple Falls, Glacier",Bellingham: Barkley,"6267 Mt Baker Hwy, Deming WA 98244","6267 MOUNT BAKER HWY, DEMING, WA, 98244",48.898618,-122.145401,street,apluscleanups.com,US Census geocoder,360-599-1501,apluscleanups@aol.com,http://www.apluscleanups.com,*Family Owned and Operated = Fair and Reasonable Rates.,,,Services,https://sustainableconnections.org/a-clean-ups-junk-removal-and-property-clean-ups/,2026-10-01
a-window-washing,A+ Window Washing,"Home, office and garden",Maintenance Repair and Cleaning,Bellingham: Birchwood,Bellingham: Birchwood,,,48.773953,-122.495808,area,neighbourhood given in the directory,Esri World geocoder,(360) 927-9235,apluswindowswa@gmail.com,http://www.apluswindowswa.com,A locally family owned business for over 10 years. Striving to provide competitive quality window washing to Whatcom County residents and business owners.,,,Services;Other,https://sustainableconnections.org/a-window-washing/,2026-10-01
a1-design-services,A1 Design Services,"Home, office and garden",Architecture Engineering and Design,Bellingham: Birchwood,Bellingham: Meridian,"3310 Northwest Ave, Bellingham WA 98225","3310 NORTHWEST AVE, BELLINGHAM, WA, 98225",48.776283,-122.497598,street,a1designbuild.coop,US Census geocoder,(360) 734-5249,,http://www.a1designbuild.coop,Woman-owned,yes,,Services,https://sustainableconnections.org/a1-design-services/,2026-10-01
a1-designbuild,A1 DesignBuild,"Home, office and garden",Construction and Carpentry,Bellingham: Birchwood,Bellingham: Meridian,3310 Northwest Ave. Bellingham WA 98225,"3310 NORTHWEST AVE, BELLINGHAM, WA, 98225",48.776283,-122.497598,street,Sustainable Connections directory,US Census geocoder,(360) 734-5249,,http://www.a1designbuild.coop,Woman-owned;Employee-owned; Worker-owned representing Whatcom residents of different gender and racial identities as well as ability status.,yes,Community Energy Challenge;Enviro Stars;Farm Fresh Workplace;PSE Green Power Purchaser;Toward Zero Waste;Watershed Pledge;Whatcom Smart Trips,Services,https://sustainableconnections.org/a1-designbuild/,2026-10-01
agwest-farm-credit,AgWest Farm Credit,Your local life,Financial Consulting,Burlington,Burlington,"265 E George Hopper Rd, Burlington WA 98233","265 E GEORGE HOPPER RD, BURLINGTON, WA, 98233",48.452064,-122.332393,street,Esri business listing,US Census geocoder,360-707-2353,,http://www.agwestfc.com/,,,,Services,https://sustainableconnections.org/agwest-farm-credit/,2026-10-01
allied-arts-of-whatcom-county,Allied Arts of Whatcom County,Have fun,Arts,Bellingham: City Center,Bellingham: City Center,1418 Cornwall Ave Bellingham WA 98225,"1418 CORNWALL AVE, BELLINGHAM, WA, 98225",48.750934,-122.477297,street,Sustainable Connections directory,US Census geocoder,(360) 676-8548,info@alliedarts.org,http://www.alliedarts.org,,,Community Energy Challenge;Toward Zero Waste,In-Store;Vending,https://sustainableconnections.org/allied-arts-of-whatcom-county/,2026-10-01
alluvial-farms,Alluvial Farms,Eat and drink,Farms and Local Food,Everson,Everson,6825 Goodwin Rd Everson WA 98247,"6825 GOODWIN RD, EVERSON, WA, 98247",48.887729,-122.288034,street,Sustainable Connections directory,US Census geocoder,(206) 992-7034,info@alluvialfarms.com,http://www.alluvialfarms.com/,Woman-owned,,"Accepts EBT/Food Stamps,USDA Certified Organic;Eat Local First;Toward Zero Waste;Whatcom Farmers for Clean Water",Online Store;Wholesale;Services;Vending,https://sustainableconnections.org/alluvial-farms/,2026-10-01
anacortes-farmers-market,Anacortes Farmers Market,Eat and drink,Grocers and Markets,Anacortes,Anacortes,611 R Ave Anacortes WA 98221,"611 R AVE, ANACORTES, WA, 98221",48.518945,-122.609277,street,Sustainable Connections directory,US Census geocoder,(360) 982-8092,info@anacortesfarmersmarket.org,http://anacortesfarmersmarket.org/,,,Accepts EBT/Food Stamps; SNAPMarket Match; FVRx Program,Vending,https://sustainableconnections.org/anacortes-farmers-market/,2026-10-01
anacortes-food-co-op,Anacortes Food Co-op,Eat and drink,Grocers and Markets,Anacortes,Anacortes,"2403 Commercial Ave, Anacortes WA 98221","2403 COMMERCIAL AVE, ANACORTES, WA, 98221",48.502811,-122.612641,street,anacortesfoodcoop.com,US Census geocoder,(360) 299-3562,anacortesfoodcoop@gmail.com,http://www.anacortesfoodcoop.com,,,"Accepts EBT/Food Stamps, USDA Certified Organic",In-Store,https://sustainableconnections.org/anacortes-food-co-op/,2026-10-01
aperture-electrical,aperture electrical,"Home, office and garden",Plumbing Electrical and Heating/Cooling,Bow-Edison,No Storefront,3648 Washington St. Bow WA 98232,"3648 WASHINGTON ST, BOW, WA, 98232",48.593018,-122.417316,street,Sustainable Connections directory,US Census geocoder,(360) 421-3963,garrett.aperture@gmail.com,,,,PSE Green Power Purchaser,Services,https://sustainableconnections.org/aperture-electrical/,2026-10-01
appel-farms,Appel Farms,Eat and drink,Farms and Local Food,Ferndale,Ferndale,6605 Northwest Dr. Ferndale WA 98248,"6605 NORTHWEST DR, FERNDALE, WA, 98248",48.887175,-122.540665,street,Sustainable Connections directory,US Census geocoder,(360) 312-1431,thecheesefarm@gmail.com,http://appelcheese.com/,,,Bank Local First;Eat Local First;Toward Zero Waste,In-Store,https://sustainableconnections.org/appel-farms-2/,2026-10-01
arado-farms,Arado Farms,Eat and drink,Farms and Local Food,Burlington,Burlington,12890 Pulver Road Burlington WA,"12890 PULVER RD, BURLINGTON, WA, 98233",48.45902,-122.357143,street,Sustainable Connections directory,US Census geocoder,(360) 610-0615,aradofarm@gmail.com,http://www.eatlocalfirst.org/listing/burlington/arado-farms/,,,,,https://sustainableconnections.org/arado-farms/,2026-10-01
ardor-salon,Ardor Salon,Get healthy and relax,Salons and Spas,Bellingham: Fairhaven,Bellingham: Fairhaven,1125 Finnegan Way suite 102 Bellingham WA 98225,"1125 FINNEGAN WAY, BELLINGHAM, WA, 98225",48.722398,-122.503014,street,Sustainable Connections directory,US Census geocoder,(360) 483-9743,angie@ardorsalon.com,http://www.ardorsalon.com,Woman-owned,,,Online Store;In-Store;Services,https://sustainableconnections.org/ardor-salon/,2026-10-01
aslan-brewing-co,Aslan Brewing Co.,Eat and drink,Beer Wine and Spirits,Bellingham: York,Downtown: Forest/Holly,1330 N Forest St Bellingham WA 98225,"1330 N FOREST ST, BELLINGHAM, WA, 98225",48.748001,-122.475525,street,Sustainable Connections directory,US Census geocoder,(360) 393-4106,info@aslanbrewing.com,http://www.aslanbrewing.com,,,"B Corp Certified,PSE Green Power Purchaser,Salmon Safe Certified,USDA Certified Organic,Whatcom Smart Trips",In-Store;Wholesale,https://sustainableconnections.org/aslan-brewing-co/,2026-10-01
aslan-depot,Aslan Depot,Eat and drink,Beer Wine and Spirits,Bellingham: York,Downtown: State/Chestnut,"1322 N State St, Bellingham WA 98225","1322 N STATE ST, BELLINGHAM, WA, 98225",48.748617,-122.47666,street,aslanbrewing.com,US Census geocoder,(360) 641-5737,info@aslanbrewing.com,http://www.aslanbrewing.com/depot,,,"B Corp Certified, Salmon Safe Certified, USDA Certified Organic",In-Store,https://sustainableconnections.org/aslan-depot/,2026-10-01
avenue-bread,Avenue Bread,Eat and drink,Bakers and Bakeries,Bellingham: City Center,Bellingham: City Center,1313 Railroad Ave Bellingham WA 98225,"1313 RAILROAD AVE, BELLINGHAM, WA, 98225",48.749278,-122.477957,street,Sustainable Connections directory,US Census geocoder,(360) 715-3354,eat@avenuebread.com,http://www.avenuebread.com,Woman-owned,,Bank Local First;Community Energy Challenge;Eat Local First;Toward Zero Waste;Whatcom Smart Trips,In-Store;Wholesale,https://sustainableconnections.org/avenue-bread/,2026-10-01
ballistic-brew,Ballistic Brew,Eat and drink,"Coffee, Tea & Soda",Everson,Everson,"601 Nooksack Ave, Nooksack WA 98276","601 NOOKSACK RD, NOOKSACK, WA, 98276",48.927518,-122.321967,street,Toast ordering page (a travelling coffee trailer — this is its regular stop),US Census geocoder,(360) 510-3237,getballisticbrew@gmail.com,http://www.ballisticbrew.sites.tableneeds.net/,Woman-owned,,,Vending (non-storefront),https://sustainableconnections.org/ballistic-brew/,2026-10-01
bar-cicotti,Bar Cicotti,Eat and drink,Restaurants Cafés and Delis,Bellingham: City Center,Downtown: State/Chestnut,202 Grand Ave Located in the Whatcom Museum Lightcatcher Building Bellingham WA 98225,"202 GRAND AVE, BELLINGHAM, WA, 98225",48.752946,-122.47948,street,Sustainable Connections directory,US Census geocoder,360-656-6802,info@barcicotti.com,http://BARCICOTTI.COM,,,,In-Store;Goods,https://sustainableconnections.org/bar-cicotti/,2026-10-01
barbie-s-berries,Barbie’s Berries,Eat and drink,Farms and Local Food,Ferndale,Ferndale,7655 Melody Lane Ferndale WA 98248,"7655 MELODY LN, FERNDALE, WA, 98248",48.91982,-122.558097,street,Sustainable Connections directory,US Census geocoder,(360) 384-1260,barbies_berries@outlook.com,http://www.barbiesberries.com,,,Whatcom Farmers for Clean Water,In-Store;Wholesale;Other,https://sustainableconnections.org/barbies-berries/,2026-10-01
barron-heating-ac-electrical-plumbing,Barron Heating AC Electrical & Plumbing,"Home, office and garden",Plumbing Electrical and Heating/Cooling,Ferndale,,5100 Pacific Hwy Suite 103 Ferndale WA 98248,"5100 PACIFIC HWY, FERNDALE, WA, 98248",48.826241,-122.556026,street,Sustainable Connections directory,US Census geocoder,(360) 676-1131,info@barronheating.com,http://www.barronheating.com,,yes,,,https://sustainableconnections.org/barron-heating-ac-electrical-plumbing/,2026-10-01
beach-store-cafe,Beach Store Cafe,Eat and drink,Restaurants Cafés and Delis,Lummi Island,Lummi Island,2200 N Nugent rd Lummi Island WA 98262,"2200 N Nugent Rd, Lummi Island, Washington, 98262",48.72163,-122.683321,street,Sustainable Connections directory,Esri World geocoder,(360) 758-2233,,http://beachstorecafe.com,Woman-owned,,,In-Store,https://sustainableconnections.org/beach-store-cafe/,2026-10-01
bear-creek-farm,bear creek farm,Eat and drink,Farms and Local Food,Alger,Alger,"276 Lake Samish Rd, Bellingham WA 98229","276 LAKE SAMISH RD, BELLINGHAM, WA, 98229",48.641291,-122.37393,street,bearcrfarm.com (farm stand),US Census geocoder,,bearcrfarm@gmail.com,http://www.bearcrfarm.com/,Woman-owned,,,Vending (non-storefront),https://sustainableconnections.org/bear-creek-farm/,2026-10-01
bellingham-balloon-decor,Bellingham Balloon Decor,Have fun,Entertainment,Bellingham: Barkley,No Storefront,"2219 Rimland Dr, Bellingham WA 98226","2219 RIMLAND DR, BELLINGHAM, WA, 98226",48.773228,-122.443487,street,bellinghamballoonpros.com,US Census geocoder,(360) 443-9049,,http://www.bellinghamballoonpros.com/,Woman-owned,,,Online Store;Vending (non-storefront),https://sustainableconnections.org/bellingham-balloon-decor/,2026-10-01
bellingham-bay-builders,Bellingham Bay Builders,"Home, office and garden",Construction and Carpentry,Bellingham: Sunnyland,Bellingham: Sunnyland,2111 King Street Bellingham WA 98225,"2111 KING ST, BELLINGHAM, WA, 98225",48.757942,-122.463558,street,Sustainable Connections directory,US Census geocoder,(360) 733-7500,info@bellinghambaybuilders.com,http://www.bellinghambaybuilders.com,Employee-owned,yes,Bank Local First;Toward Zero Waste,Services;Goods,https://sustainableconnections.org/bellingham-bay-builders/,2026-10-01
bellingham-coffee-roasters,Bellingham Coffee Roasters,Eat and drink,"Coffee, Tea & Soda",Bellingham: Irongate,Bellingham: Irongate,"4054 Hammer Drive, Unit 103-A Bellingham WA 98226","4054 HAMMER DR, BELLINGHAM, WA, 98226",48.786785,-122.456184,street,Sustainable Connections directory,US Census geocoder,(360) 339-8550,info@bellinghamcoffee.com,http://www.bellinghamcoffee.com,Woman-owned,,USDA Certified Organic,Online Store;Wholesale;Vending,https://sustainableconnections.org/bellingham-coffee-roasters/,2026-10-01
bellingham-dockside-market,Bellingham Dockside Market,Eat and drink,Grocers and Markets,Bellingham: City Center,Bellingham: City Center,"2600 N Harbor Loop Dr, Bellingham WA 98225","2600 N HARBOR LOOP DR, BELLINGHAM, WA, 98225",48.755252,-122.500123,street,Port of Bellingham (Squalicum Harbor),US Census geocoder,,dockside@portofbellingham.com,http://www.portofbellingham.com/1002/Bellingham-Dockside-Market,,,,In-Store;Vending,https://sustainableconnections.org/bellingham-dockside-market/,2026-10-01
bellingham-farmers-market-association,Bellingham Farmers Market Association,Eat and drink,Grocers and Markets,Bellingham: City Center,Bellingham: City Center,"1100 Railroad Ave, Bellingham WA 98225","1100 RAILROAD AVE, BELLINGHAM, WA, 98225",48.747021,-122.481006,street,Depot Market Square — where the Saturday market runs,US Census geocoder,(360) 647-2060,market@bellinghamfarmers.org,http://www.bellinghamfarmers.org,,,Bank Local First;Eat Local First;Toward Zero Waste;Watershed Pledge,Vending,https://sustainableconnections.org/bellingham-farmers-market-association/,2026-10-01
bellingham-flower-farm,Bellingham Flower Farm,Eat and drink,Farms and Local Food,"Mt. Baker Hwy – Deming, Maple Falls, Glacier","Mt. Baker Hwy – Deming, Maple Falls, Glacier","5709 Putnam Rd, Everson WA 98247","5709 PUTNAM RD, EVERSON, WA, 98247",48.846608,-122.277681,street,bellinghamflowerfarm.com (farm moved near Nugents Corner 2024),US Census geocoder,(360) 224-4336,info@bellinghamflowerfarm.com,http://Www.bellinghamflowerfarm.com,Woman-owned,,Accepts EBT/Food Stamps,Wholesale;Vending (non-storefront),https://sustainableconnections.org/bellingham-flower-farm/,2026-10-01
bellingham-physical-therapy-pllc,"Bellingham Physical Therapy, PLLC",Get healthy and relax,Health,Bellingham: Happy Valley,Bellingham: Sehome,306 36th St Bellingham WA 98225,"306 36TH ST, BELLINGHAM, WA, 98225",48.731723,-122.470389,street,Sustainable Connections directory,US Census geocoder,(360) 647-0444,contact@bellinghamphysicaltherapy.com,http://www.bellinghamphysicaltherapy.com,Woman-owned,,"Working toward a paperless business, using energy-efficient lighting, and supporting local businesses.",Services,https://sustainableconnections.org/bellingham-physical-therapy-pllc/,2026-10-01
bellingham-regional-chamber-of-commerce,Bellingham Regional Chamber of Commerce,Community,Nonprofit,Bellingham: City Center,Downtown: Commercial/Magnolia,"119 N Commercial St, Bellingham WA 98225","119 N COMMERCIAL ST, BELLINGHAM, WA, 98225",48.752103,-122.478174,street,Esri business listing,US Census geocoder,(360) 746-2373,info@bellingham.com,http://bellingham.com,,,,,https://sustainableconnections.org/bellingham-regional-chamber-of-commerce/,2026-10-01
bellingham-therapeutic-massage,Bellingham Therapeutic Massage,Get healthy and relax,Health,Bellingham: City Center,Bellingham: Sunnyland,112 Ohio St STE #107 Bellingham WA 98225,"112 OHIO ST, BELLINGHAM, WA, 98225",48.755078,-122.47485,street,Sustainable Connections directory,US Census geocoder,(360) 348-1496,hello@bellinghamtherapeuticmassage.com,http://www.bellinghamtherapeuticmassage.com,Woman-owned,,,Services,https://sustainableconnections.org/bellingham-therapeutic-massage/,2026-10-01
bellingham-whatcom-county-housing-author,Bellingham Whatcom County Housing Authority,Community,Government,Bellingham: Sehome,Bellingham: City Center,333 North Samish Way Bellingham WA 98225,"333 N SAMISH WAY, BELLINGHAM, WA, 98225",48.738717,-122.469945,street,Sustainable Connections directory,US Census geocoder,(360) 676-6887,info@bellinghamhousing.org,http://www.bellinghamhousing.org,,,Community Energy Challenge;PSE Green Power Purchaser;Toward Zero Waste;Whatcom Smart Trips,,https://sustainableconnections.org/bellingham-whatcom-county-housing-authority/,2026-10-01
bellingham-whatcom-county-tourism,Bellingham Whatcom County Tourism,Have fun,Travel and Tourism,Bellingham: Puget,Bellingham: City Center,904 Potter St Bellingham WA 98229,"904 POTTER ST, BELLINGHAM, WA, 98229",48.746625,-122.463697,street,Sustainable Connections directory,US Census geocoder,(360) 671-3990,info@bellingham.org,http://www.bellingham.org,,,Supports responsible recreation and promotes leave no trace principles,Online Store;Services;Other,https://sustainableconnections.org/bellingham-whatcom-county-tourism/,2026-10-01
bellinghistory-tours-with-the-good-time-,Bellinghistory Tours with the Good Time Girls,Have fun,Entertainment,Bellingham: no storefront,,,,48.751907,-122.478717,area,neighbourhood given in the directory,Esri World geocoder,(360) 369-3595,goodtimegirls@bellinghistory.com,http://www.bellinghistory.com,Woman-owned,,,Online Store;Services,https://sustainableconnections.org/bellinghistory-tours-with-the-good-time-girls/,2026-10-01
berkshire-hathaway-realty,Berkshire Hathaway Realty,"Home, office and garden",Real Estate,Bellingham: Fairhaven,Bellingham: Fairhaven,"1306 11th St, Bellingham WA 98225","1306 11TH ST, BELLINGHAM, WA, 98225",48.720031,-122.503467,street,findbellinghamhomes.com,US Census geocoder,(360) 393-0793,clientcare@bhhsbayside.com,http://www.FindBellinghamHomes.com,Veteran-owned;Woman-owned,,,Online Store;In-Store,https://sustainableconnections.org/berkshire-hathaway-realty/,2026-10-01
binyon-vision-center,Binyon Vision Center,Get healthy and relax,Health,Bellingham: York,Downtown: Commercial/Magnolia,411 E Magnolia Street Bellingham WA 98225,"411 E MAGNOLIA ST, BELLINGHAM, WA, 98225",48.748682,-122.474329,street,Sustainable Connections directory,US Census geocoder,(360) 647-2020,visit@binyonvision.com,http://www.binyonvision.com,Woman-owned,,Farm Fresh Workplace,In-Store;Services,https://sustainableconnections.org/binyon-vision-center/,2026-10-01
blanchard-mountain-farm,Blanchard Mountain Farm,Eat and drink,Farms and Local Food,Bow-Edison,Bow-Edison,"15404 Estes Rd, Bow WA 98232","15404 ESTES RD, BOW, WA, 98232",48.569869,-122.413211,street,directory,US Census geocoder,,linda@blanchardmountainfarm.com,http://www.blanchardmountainfarm.com,Woman-owned,,Eat Local First; USDA Certified Organic,Wholesale,https://sustainableconnections.org/blanchard-mountain-farm/,2026-10-01
boldly-grown-farm,Boldly Grown Farm,Eat and drink,Farms and Local Food,Bow-Edison,Bow-Edison,8855 Ershig Road Bow WA 98232,"8855 ERSHIG RD, BOW, WA, 98232",48.517632,-122.378373,street,Sustainable Connections directory,US Census geocoder,,info@boldlygrownfarm.com,http://www.boldlygrownfarm.com,Woman-owned,,UDSA Certified Organic; Salmon-Safe Certified,In-Store;Wholesale;Other,https://sustainableconnections.org/boldly-grown-farm/,2026-10-01
boulton-vineyard-and-cellars,Boulton Vineyard and Cellars,Eat and drink,Beer Wine and Spirits,Everson,Everson,"5535 Hillard Rd, Everson WA 98247","5535 HILLARD RD, EVERSON, WA, 98247",48.841588,-122.255605,street,boultonvineyardandcellars.com,US Census geocoder,(360) 656-6843,info@boultonvineyardandcellars.com,http://www.BoultonVineyardandCellars.com,,,,,https://sustainableconnections.org/boulton-vineyard-and-cellars/,2026-10-01
bourne-engineering,Bourne Engineering,"Home, office and garden",Architecture Engineering and Design,Bellingham: City Center,Downtown: Commercial/Magnolia,"114 W Magnolia St, Suite 400-144 Bellingham WA 98225","114 W MAGNOLIA ST, BELLINGHAM, WA, 98225",48.750923,-122.477803,street,Sustainable Connections directory,US Census geocoder,(360) 935-2676,,http://www.bourneengineering.net,,,Community Energy Challenge;Toward Zero Waste,,https://sustainableconnections.org/bourne-engineering/,2026-10-01
bow-hill-blueberries,Bow Hill Blueberries,Eat and drink,Farms and Local Food,Bow-Edison,Bow-Edison,15628 Bow Hill Road Bow WA 98232,"15628 BOW HILL RD, BOW, WA, 98232",48.558401,-122.408608,street,Sustainable Connections directory,US Census geocoder,(360) 399-1006,info@bowhillblueberries.com,http://www.bowhillblueberries.com,Woman-owned,,Community Energy Challenge;Eat Local First;Salmon Safe Certified;USDA Certified Organic,Online Store;In-Store;Wholesale;Vending,https://sustainableconnections.org/bow-hill-blueberries/,2026-10-01
bow-sanctuary,Bow Sanctuary,Get healthy and relax,Health,Bow-Edison,Bow-Edison,3533 Chuckanut Dr Bow WA 98232,"3533 CHUCKANUT DR, BOW, WA, 98232",48.595769,-122.421721,street,Sustainable Connections directory,US Census geocoder,360-840-2248,info@bowsanctuary.com,http://www.bowsanctuary.com,Woman-owned,,,In-Store;Services,https://sustainableconnections.org/bow-sanctuary/,2026-10-01
breadfarm,Breadfarm,Eat and drink,Bakers and Bakeries,Bow-Edison,Bow-Edison,5766 Cains Ct. Bow WA 98232,"5766 CAINS CT, BOW, WA, 98232",48.560456,-122.443848,street,Sustainable Connections directory,US Census geocoder,(360) 766-4065,info@breadfarm.com,http://Www.breadfarm.com,Woman-owned,,PSE Green Power Purchaser,Online Store;In-Store;Wholesale;Vending,https://sustainableconnections.org/breadfarm/,2026-10-01
brett-mccandlis-brown-conner-pllc,"Brett McCandlis Brown & Conner, PLLC",Take care of business,Legal,Bellingham: City Center,,"200 W Chestnut St, Bellingham WA 98225","200 W CHESTNUT ST, BELLINGHAM, WA, 98225",48.749488,-122.481709,street,washingtoninjury.com,US Census geocoder,(206) 922-4197,,http://www.washingtoninjury.com,,,,,https://sustainableconnections.org/brett-mccandlis-brown-conner-pllc/,2026-10-01
brett-mccandlis-brown-conner-pllc-2,"Brett McCandlis Brown & Conner, PLLC",Take care of business,Legal,Mount Vernon,,"720 S Main St, Mount Vernon WA 98273","720 MAIN ST, MOUNT VERNON, WA, 98273",48.418206,-122.339217,street,washingtoninjury.com,US Census geocoder,(206) 922-4197,,http://www.washingtoninjury.com,,,,,https://sustainableconnections.org/brett-mccandlis-brown-conner-pllc/,2026-10-01
building-industry-association-of-whatcom,Building Industry Association of Whatcom County (BIAWC),"Home, office and garden",Architecture Engineering and Design,Bellingham: Irongate,Bellingham: Irongate,1650 Baker Creek Pl Bellingham WA 98226,"1650 BAKER CREEK PL, BELLINGHAM, WA, 98226",48.786712,-122.457001,street,Sustainable Connections directory,US Census geocoder,(360) 671-4247,biawc@biawc.com,http://www.biawc.com,,,Community Energy Challenge,,https://sustainableconnections.org/building-industry-association-of-whatcom-county-biawc/,2026-10-01
building-performance-center,Building Performance Center,"Home, office and garden",Construction and Carpentry,Bellingham: outside city limits,Marina/Marine Dr/Squalicum,3406 Redwood Ave Bellingham WA 98225,"3406 REDWOOD AVE, BELLINGHAM, WA, 98225",48.77722,-122.526025,street,Sustainable Connections directory,US Census geocoder,(360) 734-5121,info@bpctrain.org,http://www.buildingperformancecenter.org,,yes,Toward Zero Waste,,https://sustainableconnections.org/building-performance-center/,2026-10-01
burlington-chamber-of-commerce,Burlington Chamber of Commerce,Community,Nonprofit,Burlington,Burlington,"520 E Fairhaven Ave, Burlington WA 98233","520 E FAIRHAVEN AVE, BURLINGTON, WA, 98233",48.475468,-122.32892,street,burlington-chamber.com,US Census geocoder,(360) 757-0994,info@burlington-chamber.com,http://www.burlington-chamber.com,,,,Services;Other,https://sustainableconnections.org/burlington-chamber-of-commerce/,2026-10-01
calico-cupboard-cafe-and-bakery-laconner,"Calico Cupboard Cafe and Bakery, Laconner, Anacortes and Mount Vernon",Eat and drink,Restaurants Cafés and Delis,Mount Vernon,Mt. Vernon,"121 Freeway Dr, Mount Vernon WA 98273","121 FREEWAY DR, MOUNT VERNON, WA, 98273",48.421516,-122.336632,street,Esri business listing,US Census geocoder,360-336-3107,brenda@calicocupboard.com,http://www.calicocupboard.com,Woman-owned,,Enviro Stars,In-Store,https://sustainableconnections.org/calico-cupboard-cafe-and-bakery-laconner-anacortes-and-mount-vernon/,2026-10-01
calico-cupboard-cafe-and-bakery-laconner-2,"Calico Cupboard Cafe and Bakery, Laconner, Anacortes and Mount Vernon",Eat and drink,Restaurants Cafés and Delis,Anacortes,Mt. Vernon,"901 Commercial Ave, Anacortes WA 98221","901 COMMERCIAL AVE, ANACORTES, WA, 98221",48.514992,-122.612464,street,calicocupboard.com,US Census geocoder,360-336-3107,brenda@calicocupboard.com,http://www.calicocupboard.com,Woman-owned,,Enviro Stars,In-Store,https://sustainableconnections.org/calico-cupboard-cafe-and-bakery-laconner-anacortes-and-mount-vernon/,2026-10-01
calico-cupboard-cafe-and-bakery-laconner-3,"Calico Cupboard Cafe and Bakery, Laconner, Anacortes and Mount Vernon",Eat and drink,Restaurants Cafés and Delis,La Conner,Mt. Vernon,"720 S 1st St, La Conner WA 98257","720 S 1ST ST, LA CONNER, WA, 98257",48.389683,-122.497979,street,calicocupboard.com,US Census geocoder,360-336-3107,brenda@calicocupboard.com,http://www.calicocupboard.com,Woman-owned,,Enviro Stars,In-Store,https://sustainableconnections.org/calico-cupboard-cafe-and-bakery-laconner-anacortes-and-mount-vernon/,2026-10-01
camber-coffee,Camber Coffee,Eat and drink,Restaurants Cafés and Delis,Bellingham: City Center,Downtown: Forest/Holly,221 W Holly St. Bellingham WA 98225,"221 W HOLLY ST, BELLINGHAM, WA, 98225",48.750543,-122.480509,street,Sustainable Connections directory,US Census geocoder,(360) 656-5343,cafe@cambercoffee.com,http://www.cambercoffee.com,,,"PSE Green Power Purchaser, Whatcom Smart Trips",Online Store;In-Store;Wholesale;Goods,https://sustainableconnections.org/camber-coffee/,2026-10-01
camp-saturna,Camp Saturna,Have fun,Recreation,"Mt. Baker Hwy – Deming, Maple Falls, Glacier","Mt. Baker Hwy – Deming, Maple Falls, Glacier",9514 Silver Lake Road Maple Falls WA 98266,"9514 SILVER LAKE RD, MAPLE FALLS, WA, 98266",48.982073,-122.076474,street,Sustainable Connections directory,US Census geocoder,(360) 734-9900,,http://www.campsaturna.com/,Woman-owned,,,Other,https://sustainableconnections.org/camp-saturna/,2026-10-01
cascade-blueberry-farm,Cascade Blueberry Farm,Eat and drink,Farms and Local Food,Ferndale,Ferndale,2667 Willeys Lake Rd Custer WA 98240,"2667 WILLEYS LAKE RD, CUSTER, WA, 98240",48.920627,-122.627218,street,Sustainable Connections directory,US Census geocoder,(360) 961-7081,kamaddux@hotmail.com,,,,,,https://sustainableconnections.org/cascade-blueberry-farm/,2026-10-01
cascade-compost-and-soil,Cascade Compost and Soil,"Home, office and garden",Recycling and Waste Management,Lynden,Lynden,"774 Meadowlark Dr, Lynden WA 98264","774 MEADOWLARK DR, LYNDEN, WA, 98264",48.895499,-122.447281,street,cascadecompostandsoil.com,US Census geocoder,(360) 354-4936,office@cascadecompostandsoil.com,http://www.CascadeCompostandSoil.com,,yes,,Wholesale;Services;Vending,https://sustainableconnections.org/cascade-compost-and-soil/,2026-10-01
cascade-computer-consulting,Cascade Computer Consulting,Take care of business,Website Hosting and Design,Bellingham: no storefront,No Storefront,,,48.751907,-122.478717,area,neighbourhood given in the directory,Esri World geocoder,,nate@cascadecomputerconsulting.com,http://cascadecomputerconsulting.com/,,,,,https://sustainableconnections.org/cascade-computer-consulting/,2026-10-01
cascade-cuts,Cascade Cuts,"Home, office and garden",Florists and Nurseries,Bellingham: King Mountain,Bellingham: Irongate,632 Montgomery Rd. Bellingham WA 98226,"632 MONTGOMERY RD, BELLINGHAM, WA, 98226",48.79492,-122.458268,street,Sustainable Connections directory,US Census geocoder,(360) 671-6310,orders@cascadecuts.com,http://www.cascadecuts.com/,Woman-owned;Black-owned,,Community Energy Challenge;Enviro Stars;PSE Green Power Purchaser;Toward Zero Waste;Watershed Pledge,In-Store;Wholesale;Goods;Pick-Up/Delivery,https://sustainableconnections.org/cascade-cuts/,2026-10-01
cascade-joinery-inc,"Cascade Joinery, Inc.","Home, office and garden",Architecture Engineering and Design,Bellingham: Roosevelt,Bellingham: Barkley,2109 Queen Street Bellingham WA 98229,"2109 QUEEN ST, BELLINGHAM, WA, 98229",48.757917,-122.454852,street,Sustainable Connections directory,US Census geocoder,(360) 527-0119,info@cascadejoinery.com,http://www.cascadejoinery.com,,,Community Energy Challenge;Enviro Stars;PSE Green Power Purchaser;Toward Zero Waste;Watershed Pledge;Whatcom Smart Trips,Services,https://sustainableconnections.org/cascade-joinery-inc/,2026-10-01
cascadia-daily-news,Cascadia Daily News,Learn,Independent Media,Bellingham: City Center,Downtown: Commercial/Magnolia,"1329 N State St, Bellingham WA 98225","1329 N STATE ST, BELLINGHAM, WA, 98225",48.748754,-122.4767,street,cascadiadaily.com,US Census geocoder,,member@cascadiadaily.com,http://www.cascadiadaily.com/,,yes,,Online Store,https://sustainableconnections.org/cascadia-daily-news/,2026-10-01
cascadia-financial-health,Cascadia Financial Health,Your local life,Financial Consulting,Blaine,Blaine,,,48.994182,-122.751086,area,neighbourhood given in the directory,Esri World geocoder,(360) 389-3767,mbm@cascadiafinancialhealth.com,http://www.cascadiafinancialhealth.com,Woman-owned,,,Services,https://sustainableconnections.org/cascadia-financial-health/,2026-10-01
caz-construction,Caz Construction,"Home, office and garden",Construction and Carpentry,Bellingham: Sunnyland,Bellingham: Sunnyland,2201 Humboldt St Bellingham WA 98225,"2201 HUMBOLDT ST, BELLINGHAM, WA, 98225",48.759135,-122.467915,street,Sustainable Connections directory,US Census geocoder,(360) 389-1056,info@cazconstruction.com,http://www.cazconstruction.com,,,,,https://sustainableconnections.org/caz-construction/,2026-10-01
chocolate-necessities,Chocolate Necessities,Shop locally,Specialty Shops,Bellingham: City Center,Downtown: Commercial/Magnolia,"1408 Commercial St, Bellingham WA 98225","1408 COMMERCIAL ST, BELLINGHAM, WA, 98225",48.751467,-122.478522,street,directory,US Census geocoder,(360) 733-6666,info@chocolatenecessities.com,http://chocolatenecessities.com/,Woman-owned,,,Online Store;In-Store;Wholesale;Services,https://sustainableconnections.org/chocolate-necessities/,2026-10-01
chocolate-necessities-2,Chocolate Necessities,Shop locally,Specialty Shops,Bellingham: outside city limits,Downtown: Commercial/Magnolia,"4600 Guide Meridian, Bellingham WA 98226","4600 Guide Meridian, Bellingham, Washington, 98226",48.80827,-122.484963,street,directory,Esri World geocoder,(360) 733-6666,info@chocolatenecessities.com,http://chocolatenecessities.com/,Woman-owned,,,Online Store;In-Store;Wholesale;Services,https://sustainableconnections.org/chocolate-necessities/,2026-10-01
chuckanut-builders,Chuckanut Builders,"Home, office and garden",Construction and Carpentry,Bellingham: City Center,Downtown: State/Chestnut,1000 N. State St Bellingham WA 98225,"1000 N STATE ST, BELLINGHAM, WA, 98225",48.745344,-122.481486,street,Sustainable Connections directory,US Census geocoder,(360) 734-3201,office@chuckanutbuilders.com,http://www.chuckanutbuilders.com,,,"B Corp Certified, PSE Green Power Purchaser",Services;Goods,https://sustainableconnections.org/chuckanut-builders/,2026-10-01
chuckanut-ridge-assisted-living,Chuckanut Ridge Assisted Living,Get healthy and relax,Health,Bellingham: Happy Valley,Bellingham: Happy Valley,702 32nd Street Bellingham WA 98225,"702 32ND ST, BELLINGHAM, WA, 98225",48.727136,-122.475456,street,Sustainable Connections directory,US Census geocoder,(360) 676-9193,,http://www.chuckanutridgeal.com/,,,,Services;Other,https://sustainableconnections.org/chuckanut-ridge-assisted-living/,2026-10-01
circle-of-life-caregiver-cooperative,Circle of Life Caregiver Cooperative,Your local life,Senior Services,Bellingham: City Center,Bellingham: City Center,"1155 N State St, Bellingham WA 98225","1155 N STATE ST, BELLINGHAM, WA, 98225",48.746963,-122.479358,street,circleoflife.coop,US Census geocoder,(360) 647-1537,administrator@circleoflife.coop,http://www.circleoflife.coop,Employee-owned,,,Services,https://sustainableconnections.org/circle-of-life-caregiver-cooperative/,2026-10-01
city-of-bellingham,City of Bellingham,Community,Government,Bellingham: City Center,,210 Lottie St. Bellingham WA 98225,"210 LOTTIE ST, BELLINGHAM, WA, 98225",48.754964,-122.478325,street,Sustainable Connections directory,US Census geocoder,(360) 778-8000,info@cob.org,http://www.cob.org,,yes,Farm Fresh Workplace;PSE Green Power Purchaser;Toward Zero Waste;Whatcom Smart Trips,,https://sustainableconnections.org/city-of-bellingham/,2026-10-01
cloud-mountain-farm-center,Cloud Mountain Farm Center,"Home, office and garden",Florists and Nurseries,Lynden,Lynden,6906 Goodwin Rd Everson WA 98247,"6906 GOODWIN RD, EVERSON, WA, 98247",48.891054,-122.287779,street,Sustainable Connections directory,US Census geocoder,(360) 966-5859,info@cloudmountainfarmcenter.org,http://www.cloudmountainfarmcenter.org,,,Bank Local First;Community Energy Challenge;Eat Local First;Toward Zero Waste;USDA Certified Organic;Whatcom Smart Trips,Online Store;In-Store;Wholesale;Vending,https://sustainableconnections.org/cloud-mountain-farm-center/,2026-10-01
coast-to-coast-sustainables,Coast to Coast Sustainables,Shop locally,Specialty Shops,Bellingham: Meridian,Bellingham: Meridian,,,48.789745,-122.486156,area,neighbourhood given in the directory,Esri World geocoder,(360) 927-1281,c2csustainablesolutions@gmail.com,http://c2csustainablesolutions.com,Woman-owned,,,Online Store;Wholesale;Vending;Pick-Up/Delivery,https://sustainableconnections.org/coast-to-coast-sustainables/,2026-10-01
colophon-caf,Colophon Café,Eat and drink,Restaurants Cafés and Delis,Bellingham: Fairhaven,Bellingham: Fairhaven,1208 11th Street Bellingham WA 98225,"1208 11TH ST, BELLINGHAM, WA, 98225",48.720787,-122.503467,street,Sustainable Connections directory,US Census geocoder,(360) 647-0092,colophon@colophoncafe.com,http://www.colophoncafe.com,,,Bank Local First;Community Energy Challenge;Eat Local First;PSE Green Power Purchaser;Toward Zero Waste;Watershed Pledge;Whatcom Smart Trips,In-Store;Vending,https://sustainableconnections.org/colophon-cafe/,2026-10-01
community-food-co-op,Community Food Co-op,Eat and drink,Grocers and Markets,Bellingham: Sehome,Downtown: Forest/Holly,"1220 N Forest St, Bellingham WA 98225","1220 N FOREST ST, BELLINGHAM, WA, 98225",48.746903,-122.477161,street,directory (Downtown),US Census geocoder,(360) 734-8158,info@communityfood.coop,http://www.communityfood.coop,,yes,"Accepts EBT/Food Stamps, Enviro Stars, PSE Green Power Purchaser, Whatcom Smart Trips",In-Store;Vending,https://sustainableconnections.org/community-food-co-op/,2026-10-01
community-food-co-op-2,Community Food Co-op,Eat and drink,Grocers and Markets,Bellingham: Cordata,Downtown: Forest/Holly,"315 Westerly Rd, Bellingham WA 98226","315 WESTERLY RD, BELLINGHAM, WA, 98226",48.791921,-122.491838,street,directory (Cordata),US Census geocoder,(360) 734-8158,info@communityfood.coop,http://www.communityfood.coop,,yes,"Accepts EBT/Food Stamps, Enviro Stars, PSE Green Power Purchaser, Whatcom Smart Trips",In-Store;Vending,https://sustainableconnections.org/community-food-co-op/,2026-10-01
copy-source,Copy Source,Take care of business,Printing and Shipping,Bellingham: City Center,Downtown: State/Chestnut,1122 N State Street Bellingham WA 98225,"1122 N STATE ST, BELLINGHAM, WA, 98225",48.746579,-122.479682,street,Sustainable Connections directory,US Census geocoder,(360) 738-1280,sales@copysource.com,http://www.copysource.com,Asian-owned; Pakistani-owned,yes,"Minimizing Paper Waste, Recycling Printing Plates, Reusing Packaging Materials, Use of Recycled Paper Products, Responsible Paper Sourcing, Use of Vegetable Based Inks",Online Store;In-Store;Services;Goods,https://sustainableconnections.org/copy-source/,2026-10-01
crave-catering,Crave Catering,Eat and drink,Catering,Ferndale,Ferndale,"5506 Nielsen Ave, Ferndale WA 98248","5506 NIELSEN AVE, FERNDALE, WA, 98248",48.837628,-122.584692,street,WA Secretary of State record / Yelp,US Census geocoder,(360) 223-4900,donna@cravecatering.net,http://www.cravecatering.net,Woman-owned,,,Services,https://sustainableconnections.org/crave-catering/,2026-10-01
ctk-foodshare-farm,CTK Foodshare & Farm,Community,Nonprofit,Bellingham: outside city limits,Bellingham: Meridian,6069 Hannegan Road Bellingham WA 98226,"6069 HANNEGAN RD, BELLINGHAM, WA, 98226",48.861342,-122.442793,street,Sustainable Connections directory,US Census geocoder,(360) 733-1337,faithw@ctk.church,http://ctkserves.org/foodsharefarm,,,,Services,https://sustainableconnections.org/ctk-foodshare-farm/,2026-10-01
dandelion-organic-delivery,Dandelion Organic Delivery,Eat and drink,Grocers and Markets,Bellingham: outside city limits,No Storefront,1557 Country Lane Bellingham WA 98225,"1557 COUNTRY LN, BELLINGHAM, WA, 98225",48.789636,-122.562845,street,Sustainable Connections directory,US Census geocoder,(360) 933-1130,healthyharvest@dandelionorganic.com,http://www.dandelionorganic.com,,,Accepts EBT/Food Stamps,Online Store;Vending,https://sustainableconnections.org/dandelion-organic-delivery/,2026-10-01
deborah-todd-building-design-services,Deborah Todd Building Design Services,"Home, office and garden",Architecture Engineering and Design,Bellingham: outside city limits,No Storefront,160 Hiline Road Bellingham WA 98229,"160 HILINE RD, BELLINGHAM, WA, 98229",48.668194,-122.482636,street,Sustainable Connections directory,US Census geocoder,360-220-7463,deborah@dtbuildingdesign.com,http://www.dtbuildingdesign.com,Woman-owned,,Toward Zero Waste; Whatcom Smart Trips,Services,https://sustainableconnections.org/deborah-todd-building-design-services/,2026-10-01
doudna-window-cleaning,Doudna Window Cleaning,"Home, office and garden",Maintenance Repair and Cleaning,Bellingham: no storefront,No Storefront,,,48.751907,-122.478717,area,neighbourhood given in the directory,Esri World geocoder,(360) 734-5788,gdoudna@msn.com,,,,,Services,https://sustainableconnections.org/doudna-window-cleaning/,2026-10-01
drayton-harbor-oyster-company,Drayton Harbor Oyster Company,Eat and drink,Restaurants Cafés and Delis,Blaine,Blaine,685 Peace Portal Drive Blaine WA 98230,"685 PEACE PORTAL DR, BLAINE, WA, 98230",48.994211,-122.751677,street,Sustainable Connections directory,US Census geocoder,,info.draytonharboroysters@gmail.com,http://www.draytonharboroysters.com,,,,Online Store;In-Store;Wholesale,https://sustainableconnections.org/drayton-harbor-oyster-company/,2026-10-01
ecochute-llc,Ecochute LLC,"Home, office and garden",Recycling and Waste Management,Bellingham: no storefront,No Storefront,,,48.751907,-122.478717,area,neighbourhood given in the directory,Esri World geocoder,(206) 852-1954,david@ecochute.com,http://www.ecochute.com,,,,Services;Goods,https://sustainableconnections.org/ecochute-llc/,2026-10-01
ecotech-solar,Ecotech Solar,"Home, office and garden",Renewable Energy,Bellingham: Puget,Bellingham: Lettered Streets,1331 Meador Ave Suite J103 Bellingham WA 98229,"1331 MEADOR AVE, BELLINGHAM, WA, 98229",48.752998,-122.458402,street,Sustainable Connections directory,US Census geocoder,(360) 318-7646,info@ecotechsolar.com,http://ecotechsolar.com,,,PSE Green Power Purchaser;Toward Zero Waste;Watershed Pledge,Services;Goods,https://sustainableconnections.org/ecotech-solar/,2026-10-01
elizabeth-station,Elizabeth Station,Eat and drink,Beer Wine and Spirits,Bellingham: Lettered Streets,Bellingham: Lettered Streets,1400 W Holly St Bellingham WA 98225,"1400 W HOLLY ST, BELLINGHAM, WA, 98225",48.75728,-122.490611,street,Sustainable Connections directory,US Census geocoder,(360) 733-8982,elizabethstationbellingham@gmail.com,http://Elizabethstation.es,,,,Online Store;In-Store;Pick-Up/Delivery,https://sustainableconnections.org/elizabeth-station/,2026-10-01
em-s-herbals,Em’s Herbals,Get healthy and relax,Health,Bellingham: Irongate,James/Iowa,"2795 E Bakerview Rd Unit 17, Bellingham Bellingham WA 98226","2795 E BAKERVIEW RD, BELLINGHAM, WA, 98226",48.789345,-122.435634,street,Sustainable Connections directory,US Census geocoder,(360) 778-2295,orders@emsherbals.com,http://EmsHerbals.com,Woman-owned,,USDA Certified Organic,Online Store;Wholesale;Vending,https://sustainableconnections.org/ems-herbals/,2026-10-01
en-valley-farmers-market,EN Valley Farmers Market,Eat and drink,Farms and Local Food,Everson,Everson,201-205 Lincoln St EVERSON WA 98247,"205 LINCOLN ST, EVERSON, WA, 98247",48.918724,-122.343804,street,Sustainable Connections directory,US Census geocoder,(360) 306-1076,envalleyfarmersmarket@gmail.com,http://envalleyfarmersmarket.com,Woman-owned,,Accepts EBT/Food Stamps,Vending (non-storefront),https://sustainableconnections.org/en-valley-farmers-market/,2026-10-01
envision-homes,Envision Homes,"Home, office and garden",Construction and Carpentry,Bellingham: Cornwall Park,Bellingham: Cornwall Park,"2745 Broadway, Bellingham WA 98225","2745 BROADWAY, BELLINGHAM, WA, 98225",48.766068,-122.478069,street,Nextdoor / company listing,US Census geocoder,,robert@envisionremodels.com,http://envisionremodels.com/,,,,Services,https://sustainableconnections.org/envision-homes/,2026-10-01
evergreen-gardens,Evergreen Gardens,Have fun,Entertainment,Ferndale,Ferndale,"698 W Pole Rd, Ferndale WA 98248","698 W POLE RD, FERNDALE, WA, 98248",48.887945,-122.518829,street,eventsateg.com,US Census geocoder,360-203-6176,info@eventsateg.com,http://www.eventsateg.com,Woman-owned,,Food Recovery Program donor; only durable or compostable cutlery used; 5% of event bookings donated to the Ferndale Food bank; no disposable paper towels; decor available for customers to reuse to limit waste,Services,https://sustainableconnections.org/evergreen-gardens/,2026-10-01
fair-cow-s-path-farm,Fair Cow’s Path Farm,Eat and drink,Farms and Local Food,Blaine,Blaine,"4186 Loomis Trail Rd, Blaine WA 98230","4186 LOOMIS TRAIL RD, BLAINE, WA, 98230",48.95019,-122.707339,street,WA Secretary of State record / faircowspathfarm.com,US Census geocoder,,faircowspathfarm@gmail.com,http://www.faircowspathfarm.com,Woman-owned,,,Online Store;Wholesale;Other;Vending (non-storefront),https://sustainableconnections.org/fair-cows-path-farm/,2026-10-01
fairhaven-runners-walkers-inc,"Fairhaven Runners & Walkers, Inc.",Shop locally,Shoes,Bellingham: Fairhaven,Bellingham: Fairhaven,1209 11th Street Bellingham WA 98225,"1209 11TH ST, BELLINGHAM, WA, 98225",48.720787,-122.503293,street,Sustainable Connections directory,US Census geocoder,(360) 676-4955,runners@fairhavenrunners.com,http://www.fairhavenrunners.com,Veteran-owned,,Bank Local First;PSE Green Power Purchaser;Toward Zero Waste;Watershed Pledge; Whatcom Smart Trips,In-Store,https://sustainableconnections.org/fairhaven-runners-walkers-inc/,2026-10-01
fairhaven-toy-garden,Fairhaven Toy Garden,Shop locally,Children and Baby,Bellingham: Fairhaven,Bellingham: Fairhaven,909 Harris St. Bellingham WA 98225,"909 HARRIS AVE, BELLINGHAM, WA, 98225",48.720188,-122.505111,street,Sustainable Connections directory,US Census geocoder,(360) 714-8552,fairhaventoygarden@gmail.com,http://www.fairhaventoygarden.com,,,Bank Local First;Community Energy Challenge;Toward Zero Waste;Whatcom Smart Trips,Online Store;In-Store,https://sustainableconnections.org/fairhaven-toy-garden/,2026-10-01
fairhaven-web-design,Fairhaven Web Design,Take care of business,Website Hosting and Design,Bellingham: Fairhaven,Bellingham: Fairhaven,1200 Harris Ave 309A Bellingham WA 98225,"1200 HARRIS AVE, BELLINGHAM, WA, 98225",48.720074,-122.502133,street,Sustainable Connections directory,US Census geocoder,(360) 888-9895,support@fairhavenwebdesgin.com,http://fairhavenwebdesign.com,Woman-owned,,,Online Store;In-Store;Services,https://sustainableconnections.org/fairhaven-web-design/,2026-10-01
farmwild,FarmWild,Eat and drink,Farms and Local Food,Bellingham: Sunnyland,Bellingham: Sunnyland,1818 Franklin Street Bellingham WA 98225,"1818 FRANKLIN ST, BELLINGHAM, WA, 98225",48.754097,-122.470648,street,Sustainable Connections directory,US Census geocoder,360-605-0170,farmwildfarm@gmail.com,http://www.farmwild.love,,,Bank Local First;Community Energy Challenge;Eat Local First;PSE Green Power Purchaser;Toward Zero Waste,Online Store;Wholesale;Vending;Pick-Up/Delivery,https://sustainableconnections.org/farmwild/,2026-10-01
favinger-plumbing,Favinger Plumbing,"Home, office and garden",Plumbing Electrical and Heating/Cooling,Bellingham: Sunnyland,Bellingham: Sunnyland,2201 Humboldt Bellingham WA 98225,"2201 HUMBOLDT ST, BELLINGHAM, WA, 98225",48.759135,-122.467915,street,Sustainable Connections directory,US Census geocoder,(360) 676-1774,info@favingerplumbing.com,http://www.favingerplumbing.com,,,Bank Local First;Community Energy Challenge;PSE Green Power Purchaser;Toward Zero Waste;Watershed Pledge;Whatcom Smart Trips,Services;Goods,https://sustainableconnections.org/favinger-plumbing/,2026-10-01
feller-heating-air-conditioning-inc,"Feller Heating & Air Conditioning, Inc.","Home, office and garden",Plumbing Electrical and Heating/Cooling,Bellingham: Sunnyland,Bellingham: Alabama Hill,501 Virginia St. Bellingham WA 98225,"501 VIRGINIA ST, BELLINGHAM, WA, 98225",48.759133,-122.469186,street,Sustainable Connections directory,US Census geocoder,(360) 733-4827,info@fellerheating.com,http://www.fellerheating.com,,,Community Energy Challenge;Toward Zero Waste,Services;Goods,https://sustainableconnections.org/feller-heating-air-conditioning-inc/,2026-10-01
ferny-s-nursery,Ferny’s Nursery,"Home, office and garden",Florists and Nurseries,Bellingham: Lettered Streets,Downtown: Forest/Holly,1012 W Holly St. Bellingham WA 98225,"1012 W HOLLY ST, BELLINGHAM, WA, 98225",48.755339,-122.487639,street,Sustainable Connections directory,US Census geocoder,(360) 530-9028,info@fernysnursery.com,http://www.fernysnursery.com,,,,In-Store,https://sustainableconnections.org/fernys-nursery/,2026-10-01
firehouse-arts-and-events-center,FireHouse Arts and Events Center,Have fun,Entertainment,Bellingham: Fairhaven,Bellingham: Happy Valley,1314 Harris Ave Bellingham WA 98225,"1314 HARRIS AVE, BELLINGHAM, WA, 98225",48.720075,-122.50083,street,Sustainable Connections directory,US Census geocoder,(360) 305-9858,contact@firehouse-aec.com,http://firehouse-aec.com,Veteran-owned;Woman-owned,,PSE Green Power Purchaser,In-Store,https://sustainableconnections.org/firehouse-arts-and-events-center/,2026-10-01
five-elements-harvest,Five Elements Harvest,Eat and drink,Farms and Local Food,Custer,No Storefront,"9498 Stein Rd, Custer WA 98240","9498 STEIN RD, CUSTER, WA, 98240",48.985776,-122.626802,street,fiveelementsharvest.com,US Census geocoder,,degolyer@icloud.com,http://www.fiveelementsharvest.com,,,B Corp Certified,Other,https://sustainableconnections.org/five-elements-harvest/,2026-10-01
five-star-bath-solutions-northwest,Five Star Bath Solutions Northwest,"Home, office and garden",Construction and Carpentry,Bellingham: Samish,Bellingham: Samish,,,48.69907,-122.424721,area,neighbourhood given in the directory,Esri World geocoder,(253) 528-4496,seattle@fivestarbathsolutions.com,http://www.fivestarbathsolutionsnorthwest.com/,,,,Services,https://sustainableconnections.org/five-star-bath-solutions-northwest/,2026-10-01
flax4life,Flax4Life,Eat and drink,Bakers and Bakeries,Bellingham: Cordata,Bellingham: Cordata,"468 W Horton Rd, Bellingham WA 98226","468 W HORTON RD, BELLINGHAM, WA, 98226",48.806377,-122.49593,street,flax4life.net,US Census geocoder,(360) 715-1944,customerservice@flax4life.net,http://flax4life.net,,,,Online Store;Wholesale,https://sustainableconnections.org/flax4life/,2026-10-01
flying-bird-botanicals,Flying Bird Botanicals,Eat and drink,"Coffee, Tea & Soda",Bellingham: Birchwood,No Storefront,"913 Squalicum Way, Bellingham WA 98225","913 Squalicum Way, Bellingham, Washington, 98225",48.766483,-122.50269,street,Esri business listing,Esri World geocoder,(360) 366-8013,scout@flyingbirdbotanicals.com,http://www.flyingbirdbotanicals.com,Woman-owned,,USDA Organic;Eat Local First;PSE Green Power Purchaser;Toward Zero Waste;Watershed Pledge,Online Store;Wholesale;Vending,https://sustainableconnections.org/flying-bird-botanicals/,2026-10-01
fog-fleece-sheepery,Fog & Fleece Sheepery,Eat and drink,Farms and Local Food,"Mt. Baker Hwy – Deming, Maple Falls, Glacier","Mt. Baker Hwy – Deming, Maple Falls, Glacier","4269 Y Rd, Bellingham WA 98226","4269 Y RD, BELLINGHAM, WA, 98226",48.796311,-122.333023,street,fogandfleece.com,US Census geocoder,,heythere@fogandfleece.com,http://fogandfleece.com,Woman-owned;LGBTQIA+ Owned,,,Online Store;In-Store;Vending (non-storefront),https://sustainableconnections.org/fog-fleece-sheepery/,2026-10-01
foothills-naturopathic-health-clinic,Foothills Naturopathic Health Clinic,Get healthy and relax,Health,Bellingham: Sehome,Bellingham: Samish,"1151 Ellis St, Bellingham WA 98225","1151 ELLIS ST, BELLINGHAM, WA, 98225",48.742503,-122.47191,street,foothillsnaturopathic.com,US Census geocoder,(360) 564-7887,contact@foothillsnaturopathic.com,http://www.foothillsnaturopathic.com,Woman-owned,,,Services,https://sustainableconnections.org/foothills-naturopathic-health-clinic/,2026-10-01
forager-landscapes,Forager Landscapes,"Home, office and garden",Landscaping,Bellingham: Cornwall Park,Bellingham: Cornwall Park,,,48.77275,-122.477808,area,neighbourhood given in the directory,Esri World geocoder,(360) 410-2223,walker@foragerlands.com,http://www.foragerlands.com,,,,Services,https://sustainableconnections.org/forager-landscapes/,2026-10-01
fotomataio-fotografia,FotoMataio Fotografia,Have fun,Photography,Bellingham: no storefront,No Storefront,,,48.751907,-122.478717,area,neighbourhood given in the directory,Esri World geocoder,,,http://www.fotomataio.com,,,,Services,https://sustainableconnections.org/fotomataio-fotografia/,2026-10-01
full-bloom-farm,Full Bloom Farm,"Home, office and garden",Florists and Nurseries,Lummi Island,Lummi Island,2330 Tuttle Lane Lummi Island WA 98262,"2330 TUTTLE LN, LUMMI ISLAND, WA, 98262",48.726378,-122.699126,street,Sustainable Connections directory,US Census geocoder,(360) 758-7173,hello@fullbloomfarm.com,http://fullbloomfarm.com,Woman-owned,,Bank Local First;Eat Local First,In-Store;Wholesale,https://sustainableconnections.org/full-bloom-farm/,2026-10-01
garden-spot-nursery,Garden Spot Nursery,"Home, office and garden",Florists and Nurseries,Bellingham: Sunnyland,Bellingham: Sunnyland,"900 Alabama St, Bellingham WA 98225","900 ALABAMA ST, BELLINGHAM, WA, 98225",48.762968,-122.463379,street,Esri business listing,US Census geocoder,(360) 676-5480,gardenspot@garden-spot.com,http://www.garden-spot.com,Woman-owned,,Whatcom Smart Trips,In-Store;Goods;Pick-Up/Delivery,https://sustainableconnections.org/garden-spot-nursery/,2026-10-01
gear-aid-inc,Gear Aid Inc,Have fun,Sporting Goods,Bellingham: Puget,Bellingham: Roosevelt,1411 Meador Ave Bellingham WA 98229,"1411 MEADOR AVE, BELLINGHAM, WA, 98229",48.753455,-122.456373,street,Sustainable Connections directory,US Census geocoder,(360) 671-2227,info@gearaid.com,http://gearaid.com,,yes,PSE Green Power Purchaser,Online Store;In-Store;Wholesale;Goods,https://sustainableconnections.org/gear-aid-inc/,2026-10-01
genuine-skagit-valley,Genuine Skagit Valley,Eat and drink,Farms and Local Food,Mount Vernon,Mt. Vernon,,,48.417498,-122.336158,area,neighbourhood given in the directory,Esri World geocoder,(360) 336-3727,info@genuineskagitvalley.com,http://genuineskagitvalley.com/,,,,Services,https://sustainableconnections.org/genuine-skagit-valley/,2026-10-01
geo-garden-club,Geo Garden Club,"Home, office and garden",Landscaping,Bellingham: Birchwood,Bellingham: Birchwood,,,48.773953,-122.495808,area,neighbourhood given in the directory,Esri World geocoder,,info@geogardenclub.com,http://www.geogardenclub.com,Woman-owned,,Whatcom Smart Trips,Online Store;Other,https://sustainableconnections.org/geo-garden-club/,2026-10-01
giant-killer-shark,Giant Killer Shark,Take care of business,Communications and Media,Bellingham: no storefront,No Storefront,,,48.751907,-122.478717,area,neighbourhood given in the directory,Esri World geocoder,,babette@giantkillershark.com,http://www.giantkillershark.com,Woman-owned,,,Services,https://sustainableconnections.org/giant-killer-shark/,2026-10-01
goldcrest-creamery-llc,Goldcrest Creamery LLC,Eat and drink,Farms and Local Food,Bellingham: outside city limits,Bellingham: Meridian,"5643 Aldrich Rd, Bellingham WA 98226","5643 ALDRICH RD, BELLINGHAM, WA, 98226",48.846509,-122.519085,street,goldcrestmilkhouse.com,US Census geocoder,(360) 820-1988,office@goldcrestcreamery.com,http://www.goldcrestmilkhouse.com,Woman-owned,,,Wholesale;Other,https://sustainableconnections.org/goldcrest-creamery-llc/,2026-10-01
golden-ranch-farm,Golden Ranch Farm,Eat and drink,Farms and Local Food,"Hwy 9-Acme, Van Zandt, Saxon, Wickersham","Hwy 9-Acme, Van Zandt, Saxon, Wickersham","3373 Hillside Rd, Deming WA 98244","3373 HILLSIDE RD, DEMING, WA, 98244",48.763703,-122.223565,street,goldenranchfarm.com,US Census geocoder,(509) 342-0674,goldenranchfarmdeming@gmail.com,http://goldenranchfarm.com,Woman-owned,,,Online Store;In-Store,https://sustainableconnections.org/golden-ranch-farm/,2026-10-01
good-chance-creative-the-bellingham-stud,Good Chance Creative & The Bellingham Studio,Have fun,Photography,Bellingham: City Center,,119 N. Commercial St. #760 Bellingham WA 98225,"119 N COMMERCIAL ST, BELLINGHAM, WA, 98225",48.752103,-122.478174,street,Sustainable Connections directory,US Census geocoder,,kelsey@goodchancecreative.com,http://www.goodchancecreative.com,Woman-owned,,,Services,https://sustainableconnections.org/good-chance-creative-the-bellingham-studio/,2026-10-01
good-earth-pottery,Good Earth Pottery,Shop locally,Specialty Shops,Bellingham: Fairhaven,Bellingham: Fairhaven,"1000 Harris Ave, Bellingham WA 98225","1000 HARRIS AVE, BELLINGHAM, WA, 98225",48.720073,-122.504451,street,Esri business listing,US Census geocoder,(360) 671-3998,theteam@goodearthpots.com,http://www.goodearthpots.com,Woman-owned,,,Online Store;In-Store,https://sustainableconnections.org/good-earth-pottery/,2026-10-01
good-horse-grants,Good Horse Grants,Community,Nonprofit,Bellingham: Fairhaven,Bellingham: Fairhaven,"1100 11th Street, Suite 207 BELLINGHAM WA 98225-7700","1100 11TH ST, BELLINGHAM, WA, 98225",48.721886,-122.503475,street,Sustainable Connections directory,US Census geocoder,(208) 304-8247,claire@goodhorsegrants.com,http://www.goodhorsegrants.com,Woman-owned,,,Services;Other,https://sustainableconnections.org/good-horse-grants/,2026-10-01
gossamer-glass-studio-at-inspiration-far,Gossamer Glass Studio at Inspiration Farm,Have fun,Arts,Lynden,Lynden,619 E Laurel Rd. Bellingham WA 98226,"619 E LAUREL RD, BELLINGHAM, WA, 98226",48.855191,-122.458162,street,Sustainable Connections directory,US Census geocoder,(360) 319-2029,gg@inspirationfarm.com,http://www.gossamerglass.com,,,,,https://sustainableconnections.org/gossamer-glass-studio-at-inspiration-farm/,2026-10-01
grace-harbor-farms,Grace Harbor Farms,Eat and drink,Farms and Local Food,Custer,Custer,2347 Birch Bay-Lynden Road Custer WA 98240,"2347 BIRCH BAY LYNDEN RD, CUSTER, WA, 98240",48.935337,-122.609116,street,Sustainable Connections directory,US Census geocoder,(360) 366-4151,info@graceharborfarms.com,http://www.graceharborfarms.com,,,Pasture-raised and organic style farming; Community Energy Challenge; Eat Local First,Online Store;In-Store;Wholesale;Vending,https://sustainableconnections.org/grace-harbor-farms/,2026-10-01
hammerhead-coffee-roasters-the-coffee-sh,"Hammerhead Coffee Roasters, The Coffee Shop",Eat and drink,"Coffee, Tea & Soda",Bellingham: York,Downtown: Forest/Holly,405 E Holly Street Bellingham WA 98225,"405 E HOLLY ST, BELLINGHAM, WA, 98225",48.747706,-122.475892,street,Sustainable Connections directory,US Census geocoder,(360) 922-0876,orders@hammerheadcoffee.com,http://www.hammerheadcoffee.com,,,,Online Store;In-Store;Wholesale,https://sustainableconnections.org/hammerhead-coffee-roasters-the-coffee-shop/,2026-10-01
happy-chix-farm,Happy Chix Farm,Eat and drink,Farms and Local Food,"Mt. Baker Hwy – Deming, Maple Falls, Glacier",No Storefront,6110 N. Fork Rd. Deming WA 98244,"6110 N FORK RD, DEMING, WA, 98244",48.861442,-122.145862,street,Sustainable Connections directory,US Census geocoder,(360) 592-5929,pig.lover@comcast.net,,Woman-owned;LGBTQIA+ Owned,,PSE Green Power Purchaser,Wholesale;Vending,https://sustainableconnections.org/happy-chix-farm/,2026-10-01
haven-design-workshop,HAVEN Design Workshop,"Home, office and garden",Architecture Engineering and Design,Ferndale,Ferndale,5828 2nd Ave. Ste 101 Ferndale WA 98248,"5828 2ND AVE, FERNDALE, WA, 98248",48.852394,-122.589755,street,Sustainable Connections directory,US Census geocoder,(360) 527-2840,sean@haven-dw.com,http://www.haven-dw.com,,yes,Bank Local First;Community Energy Challenge;Toward Zero Waste,Services,https://sustainableconnections.org/haven-design-workshop/,2026-10-01
hela-provisions,Hela Provisions,Eat and drink,Grocers and Markets,Bellingham: City Center,Bellingham: City Center,1305 Cornwall Ave Bellingham WA 98225,"1305 CORNWALL AVE, BELLINGHAM, WA, 98225",48.749871,-122.479109,street,Sustainable Connections directory,US Census geocoder,(360) 223-5567,helaprovisions@gmail.com,http://www.helaprovisions.com,Woman-owned,,,Online Store;In-Store;Services,https://sustainableconnections.org/hela-provisions/,2026-10-01
heritage-bank,Heritage Bank,Your local life,Banking,Bellingham: City Center,,"265 York St, Bellingham WA 98225","265 YORK ST, BELLINGHAM, WA, 98225",48.751757,-122.472898,street,Esri business listing (one of several branches),US Census geocoder,(360) 705-9150,,http://www.heritagebanknw.com/home/homee,,,,,https://sustainableconnections.org/heritage-bank/,2026-10-01
hindman-construction-inc,"Hindman Construction, Inc.","Home, office and garden",Construction and Carpentry,Bellingham: outside city limits,No Storefront,1392 Country Lane Bellingham WA 98225,"1392 COUNTRY LN, BELLINGHAM, WA, 98225",48.789737,-122.556308,street,Sustainable Connections directory,US Census geocoder,(360) 220-6755,info@hindmanconstruction.com,http://hindmanconstruction.com,,,,Services,https://sustainableconnections.org/hindman-construction-inc/,2026-10-01
hkp-architects,HKP Architects,"Home, office and garden",Architecture Engineering and Design,Mount Vernon,Mt. Vernon,"204 W Montgomery St, Mount Vernon WA 98273","204 W MONTGOMERY ST, MOUNT VERNON, WA, 98273",48.419571,-122.335587,street,hkpa.com,US Census geocoder,(360) 336-2155,hkp@hkpa.com,http://www.hkpa.com,Woman-owned;LGBTQIA+ Owned,,"Certified Passive House Consultants; LEED APs, International Living Future Institute; WSSP, ESDS, Energy Star",In-Store,https://sustainableconnections.org/hkp-architects/,2026-10-01
hoagland-pharmacy,HOAGLAND PHARMACY,Get healthy and relax,Health,Bellingham: Roosevelt,Bellingham: Alabama Hill,2330 Yew St Bellingham WA 98229,"2330 YEW ST, BELLINGHAM, WA, 98229",48.760836,-122.442506,street,Sustainable Connections directory,US Census geocoder,360) 734-5413,customerservice@hoaglandpharmacy.com,http://www.hoaglandpharmacy.com,,,Community Energy Challenge;Toward Zero Waste;Whatcom Smart Trips,In-Store,https://sustainableconnections.org/hoagland-pharmacy/,2026-10-01
holly-s-meat-pies,Holly’s Meat Pies,Eat and drink,Restaurants Cafés and Delis,Bellingham: Irongate,Bellingham: Irongate,"4073 Hannegan Road, Suite J Bellingham WA 98226","4073 HANNEGAN RD, BELLINGHAM, WA, 98226",48.788731,-122.4426,street,Sustainable Connections directory,US Census geocoder,(360) 778-1111,info@hollysmeatpies.com,http://Hollysmeatpies.com,Woman-owned,,,Online Store;In-Store;Vending,https://sustainableconnections.org/hollys-meat-pies/,2026-10-01
holmquist-hazelnut-orchards-llc,"Holmquist Hazelnut Orchards, LLC",Eat and drink,Farms and Local Food,Lynden,Lynden,"9821 Holmquist Rd, Lynden WA 98264","9821 HOLMQUIST RD, LYNDEN, WA, 98264",48.997616,-122.352282,street,Esri business listing,US Census geocoder,(360) 988-9240,info@holmquisthazelnuts.com,http://www.holmquisthazelnuts.com,,,,Online Store;Wholesale;Vending,https://sustainableconnections.org/holmquist-hazelnut-orchards-llc/,2026-10-01
humble-bouquet,Humble Bouquet,"Home, office and garden",Florists and Nurseries,Bellingham: Puget,Bellingham: Samish,"1301 Fraser St, Bellingham WA 98229","1301 FRASER ST, BELLINGHAM, WA, 98229",48.751873,-122.458112,street,humblebouquet.com,US Census geocoder,(360) 389-7650,humblebouquet@gmail.com,http://www.humblebouquet.com,Woman-owned,,,Online Store;Services,https://sustainableconnections.org/humble-bouquet/,2026-10-01
industrial-credit-union,Industrial Credit Union,Your local life,Banking,Bellingham: Barkley,,"1275 E Sunset Dr, Bellingham WA 98226","1275 E SUNSET DR, BELLINGHAM, WA, 98226",48.773064,-122.45818,street,Esri business listing (one of several branches),US Census geocoder,(360) 734-2043,info@industrialcu.com,http://www.industrialcu.com,,,,Services,https://sustainableconnections.org/industrial-credit-union/,2026-10-01
inspiration-farm,Inspiration Farm,Eat and drink,Farms and Local Food,Lynden,Lynden,"619 E Laurel Rd, Bellingham WA 98226","619 E LAUREL RD, BELLINGHAM, WA, 98226",48.855191,-122.458162,street,inspirationfarm.com,US Census geocoder,(360) 319-2029,info@inspirationfarm.com,http://www.inspirationfarm.com,,,,Online Store;In-Store;Services;Other,https://sustainableconnections.org/inspiration-farm/,2026-10-01
intellitonic,Intellitonic,Take care of business,Communications and Media,Bellingham: City Center,Bellingham: City Center,"103 E Holly St, Suite 205 Bellingham WA 98225","103 E HOLLY ST, BELLINGHAM, WA, 98225",48.749741,-122.479021,street,Sustainable Connections directory,US Census geocoder,(360) 920-9072,info@intellitonic.com,http://intellitonic.com,,,Community Energy Challenge,Services,https://sustainableconnections.org/intellitonic/,2026-10-01
jackson-6-family-farm,Jackson 6 Family Farm,Eat and drink,Farms and Local Food,Sedro-Woolley,Sedro-Woolley,"7120 N Fruitdale Rd, Sedro-Woolley WA 98284","7120 FRUITDALE RD, SEDRO WOOLLEY, WA, 98284",48.541127,-122.220361,street,jackson6familyfarm.com,US Census geocoder,(231) 735-1663,,http://jackson6familyfarm.com,Veteran-owned;Woman-owned,,,Online Store;In-Store;Other,https://sustainableconnections.org/jackson-6-family-farm/,2026-10-01
jamie-v-photography,Jamie V Photography,Have fun,Photography,Bellingham: Samish,Bellingham: Happy Valley,"3711 Donovan Ave, Bellingham WA 98229","3711 DONOVAN AVE, BELLINGHAM, WA, 98229",48.717235,-122.468834,street,Esri business listing,US Census geocoder,(360) 738-2044,jamievphoto@yahoo.com,http://www.jamievphotography.com,Woman-owned,,PSE Green Power Purchaser; Bank Local First,Services,https://sustainableconnections.org/jamie-v-photography/,2026-10-01
jepson-associates-p-s,"Jepson & Associates, P.S.","Home, office and garden",Architecture Engineering and Design,Bellingham: City Center,Bellingham: City Center,"222 Grand Ave, Bellingham WA 98225","222 GRAND AVE, BELLINGHAM, WA, 98225",48.75313,-122.479481,street,jepsonsurveying.com,US Census geocoder,(360) 733-5760,admin@jepsonsurveying.com,http://www.jepsonsurveying.com,,,,Services,https://sustainableconnections.org/jepson-associates-p-s/,2026-10-01
joyco-digital,Joyco Digital,Take care of business,Communications and Media,Bellingham: City Center,Downtown: Forest/Holly,"103 E Holly St, Bellingham WA 98225","103 E HOLLY ST, BELLINGHAM, WA, 98225",48.749741,-122.479021,street,joycodigital.com,US Census geocoder,(360) 303-9192,info@joycodigital.com,http://www.joycodigital.com,,,,Services,https://sustainableconnections.org/joyco-digital/,2026-10-01
julian-company,Julian & Company,"Home, office and garden",Real Estate,Bellingham: City Center,Bellingham: City Center,"952 N State St, Bellingham WA 98225","952 N STATE ST, BELLINGHAM, WA, 98225",48.744933,-122.482123,street,Esri business listing (Julian & Company – Muljat Group),US Census geocoder,(360) 820-3698,julian@julianandcompany.com,http://www.julianandcompany.com/,,,,Services,https://sustainableconnections.org/julian-company/,2026-10-01
julie-carpenter-realtor,"Julie Carpenter, Realtor","Home, office and garden",Real Estate,Bellingham: Puget,Bellingham: Puget,"913 Lakeway Dr, Bellingham WA 98229","913 LAKEWAY DR, BELLINGHAM, WA, 98229",48.745012,-122.463587,street,juliecarpenter.com,US Census geocoder,360 305-9986,juliecarpenter@remax.net,http://www.juliecarpenter.com,Woman-owned,,,Services,https://sustainableconnections.org/julie-carpenter-realtor/,2026-10-01
k-l-media,K&L Media,Take care of business,Communications and Media,Bellingham: Cordata,Bellingham: Cordata,432 W Bakerview Rd Ste 101 Bellingham WA 98226,"432 W BAKERVIEW RD, BELLINGHAM, WA, 98226",48.789813,-122.495261,street,Sustainable Connections directory,US Census geocoder,360-483-4576,info@klmediacorp.com,http://bellinghamalive.com,,yes,,,https://sustainableconnections.org/kl-media/,2026-10-01
keenan-s-at-the-pier,Keenan’s at the Pier,Eat and drink,Restaurants Cafés and Delis,Bellingham: South Hill,Bellingham: Fairhaven,804 10th Street Bellingham WA 98225,"804 10TH ST, BELLINGHAM, WA, 98225",48.726278,-122.505135,street,Sustainable Connections directory,US Census geocoder,(360) 392-5510,abbys@thechrysalisinn.com,http://www.keenansatthepier.com/,,,Food Recovery Program donor; Eat Local First,In-Store,https://sustainableconnections.org/keenans-at-the-pier/,2026-10-01
kelly-s-casual-catering,Kelly’s Casual Catering,Eat and drink,Catering,Ferndale,Ferndale,"5506 Nielsen Ave, Ferndale WA 98248","5506 NIELSEN AVE, FERNDALE, WA, 98248",48.837628,-122.584692,street,kellyscasualcatering.com / Ferndale Chamber,US Census geocoder,360 384-1702,kellysodelicatering@gmail.com,http://www.kellysodelicatering.com,Woman-owned,,,Wholesale;Services,https://sustainableconnections.org/kellys-casual-catering/,2026-10-01
kragnes-family-farms,Kragnes Family Farms,Eat and drink,Farms and Local Food,"Mt. Baker Hwy – Deming, Maple Falls, Glacier","Mt. Baker Hwy – Deming, Maple Falls, Glacier","7996 Mt Baker Hwy, Deming WA 98244","7996 MOUNT BAKER HWY, DEMING, WA, 98244",48.927081,-122.048763,street,kragnesfamilyfarms.com / Manta,US Census geocoder,(360) 599-1095,tyne@kragnesfamilyfarms.com,http://kragnesfamilyfarms.com,,,,In-Store;Wholesale;Other;Vending (non-storefront),https://sustainableconnections.org/kragnes-family-farms/,2026-10-01
kulshan-brewing-co,Kulshan Brewing Co.,Eat and drink,Beer Wine and Spirits,Bellingham: Sunnyland,Bellingham: Alabama Hill,"2238 James St, Bellingham WA 98225","2238 JAMES ST, BELLINGHAM, WA, 98225",48.759601,-122.464831,street,directory (Sunnyland),US Census geocoder,(360) 389-5348,info@kulshanbrewing.com,http://www.kulshanbrewery.com,,,PSE Green Power Purchaser;Whatcom Smart Trips,In-Store;Wholesale;Vending,https://sustainableconnections.org/kulshan-brewing-co/,2026-10-01
kulshan-brewing-co-2,Kulshan Brewing Co.,Eat and drink,Beer Wine and Spirits,Bellingham: Roosevelt,Bellingham: Alabama Hill,"1538 Kentucky St, Bellingham WA 98229","1538 KENTUCKY ST, BELLINGHAM, WA, 98229",48.757699,-122.453969,street,"directory (Roosevelt, K2)",US Census geocoder,(360) 389-5348,info@kulshanbrewing.com,http://www.kulshanbrewery.com,,,PSE Green Power Purchaser;Whatcom Smart Trips,In-Store;Wholesale;Vending,https://sustainableconnections.org/kulshan-brewing-co/,2026-10-01
kulshan-brewing-co-3,Kulshan Brewing Co.,Eat and drink,Beer Wine and Spirits,Bellingham: City Center,Bellingham: Alabama Hill,"298 W Laurel St, Bellingham WA 98225","298 W LAUREL ST, BELLINGHAM, WA, 98225",48.747697,-122.485136,street,directory (Trackside),US Census geocoder,(360) 389-5348,info@kulshanbrewing.com,http://www.kulshanbrewery.com,,,PSE Green Power Purchaser;Whatcom Smart Trips,In-Store;Wholesale;Vending,https://sustainableconnections.org/kulshan-brewing-co/,2026-10-01
k-ul-chocolate,K’UL Chocolate,Eat and drink,Farms and Local Food,Bellingham: outside city limits,No Storefront,3155 Mercer Avenue Bellingham WA 98225,"3155 MERCER AVE, BELLINGHAM, WA, 98225",48.772669,-122.524016,street,Sustainable Connections directory,US Census geocoder,(877) 342-2452,,http://www.kulchocolate.com/,Woman-owned,,USDA Certified Organic,Online Store;Wholesale;Vending,https://sustainableconnections.org/kul-chocolate/,2026-10-01
lamination-station-llc,Lamination Station LLC,Eat and drink,Bakers and Bakeries,Bellingham: Irongate,Bellingham: Irongate,"1625 Jills Ct, Bellingham WA 98226","1625 Jills Ct, Bellingham, Washington, 98226",48.783286,-122.458236,street,laminationstation.us,Esri World geocoder,(425) 588-7729,,http://laminationstation.us,,,PSE Green Power Purchaser,Wholesale,https://sustainableconnections.org/lamination-station-llc/,2026-10-01
lauren-lin-t-design,Lauren Linét Design,"Home, office and garden",Architecture Engineering and Design,Bellingham: Silver Beach,Bellingham: Silver Beach,,,48.766268,-122.413383,area,neighbourhood given in the directory,Esri World geocoder,(760) 815-4535,hello@laurenlinet.com,http://www.laurenlinet.com/,Woman-owned,,,Services,https://sustainableconnections.org/lauren-linet-design/,2026-10-01
lautenbach-recycling,Lautenbach Recycling,"Home, office and garden",Recycling and Waste Management,Bellingham: Irongate,Bellingham: Roosevelt,"2885 E Bakerview Rd, Bellingham WA 98226","2885 E BAKERVIEW RD, BELLINGHAM, WA, 98226",48.789345,-122.434334,street,"lautenbachrecycling.com (Bellingham facility, opened Apr 2026)",US Census geocoder,(360) 757-4000,customerservice@lautenbachrecycling.com,http://recycleit.com,,,"Materials Recovery & Recycling, Storage Containers, Composting, Food Waste Depackaging, Sustainable Demolition, Self-Haul Recycling for Wood, Concrete, Drywall, Asphalt, and Metal.",Online Store;In-Store;Services;Pick-Up/Delivery,https://sustainableconnections.org/lautenbach-recycling/,2026-10-01
legoe-bay-reefnetter,Legoe Bay Reefnetter,Eat and drink,Farms and Local Food,Lummi Island,Lummi Island,"2106 S Nugent Rd, Lummi Island WA 98262","2106 S NUGENT RD, LUMMI ISLAND, WA, 98262",48.71975,-122.682857,street,legoebayreefnetter.com,US Census geocoder,360-296-2105,riley@legoebayreefnetter.com,http://www.legoebayreefnetter.com,,,,,https://sustainableconnections.org/legoe-bay-reefnetter/,2026-10-01
light-source-residential-design,Light Source Residential Design,"Home, office and garden",Architecture Engineering and Design,Bellingham: Happy Valley,Bellingham: Fairhaven,1814 Donovan Ave Bellingham WA 98225,"1814 DONOVAN AVE, BELLINGHAM, WA, 98225",48.717604,-122.494169,street,Sustainable Connections directory,US Census geocoder,(360) 676-1859,lightsourceon@gmail.com,,Woman-owned,,PSE Green Power Purchaser;Toward Zero Waste,Services,https://sustainableconnections.org/light-source-residential-design/,2026-10-01
limitless-law-pllc,Limitless Law PLLC,Take care of business,Legal,Bellingham: Lettered Streets,Bellingham: Lettered Streets,1919 Cornwall Avenue Bellingham WA 98225,"1919 CORNWALL AVE, BELLINGHAM, WA, 98225",48.755409,-122.475177,street,Sustainable Connections directory,US Census geocoder,(360) 685-0145,,http://www.limitlesslaw.com,Woman-owned;LGBTQIA+ Owned,,,Online Store;In-Store;Services,https://sustainableconnections.org/limitless-law-pllc/,2026-10-01
litav-langley-consulting-llc,Litav Langley Consulting LLC,Learn,Facilitation Training and Coaching,Bellingham: Columbia,Bellingham: Columbia,,,48.76564,-122.49367,area,neighbourhood given in the directory,Esri World geocoder,(617) 233-2374,litav@litavlangley.com,http://www.litavlangley.com,LGBTQIA+ Owned,,,Online Store;Services,https://sustainableconnections.org/litav-langley-consulting-llc/,2026-10-01
lithtex-nw-printing-solutions,Lithtex NW Printing Solutions,Take care of business,Printing and Shipping,Bellingham: Roosevelt,Bellingham: Roosevelt,2000 Kentucky St #208 Bellingham WA 98229,"2000 KENTUCKY ST, BELLINGHAM, WA, 98229",48.757698,-122.44794,street,Sustainable Connections directory,US Census geocoder,(360) 676-1977,info@lithtexnw.com,http://www.lithtexnw.com,,yes,Community Energy Challenge;Farm Fresh Workplace;Watershed Pledge;Whatcom Smart Trips,Services,https://sustainableconnections.org/lithtex-nw-printing-solutions/,2026-10-01
living-earth-herbs-apothecary,Living Earth Herbs Apothecary,Get healthy and relax,Health,Bellingham: City Center,Downtown: Commercial/Magnolia,1411 Cornwall Ave Bellingham WA 98225,"1411 CORNWALL AVE, BELLINGHAM, WA, 98225",48.750935,-122.477536,street,Sustainable Connections directory,US Census geocoder,(360) 734-3207,herbs@livingearthherbs.com,http://www.livingearthherbs.com,Woman-owned,,Bank Local First;Eat Local First;Toward Zero Waste;Whatcom Smart Trips,Online Store;In-Store;Wholesale;Goods,https://sustainableconnections.org/living-earth-herbs-apothecary/,2026-10-01
living-pantry,Living Pantry,Shop locally,Specialty Shops,Bellingham: Sunnyland,,2420 James St. Bellingham WA 98225,"2420 JAMES ST, BELLINGHAM, WA, 98225",48.762013,-122.46484,street,Sustainable Connections directory,US Census geocoder,(360) 393-4362,connect@livingpantry.com,http://LivingPantry.com,Woman-owned,,Whatcom Smart Trips,Online Store;In-Store;Vending;Pick-Up/Delivery,https://sustainableconnections.org/living-pantry/,2026-10-01
living-pantry-2,Living Pantry,Shop locally,Specialty Shops,Blaine,,"264 H St. Suite A Blaine, WA 98230","264 H ST, BLAINE, WA, 98230",48.994085,-122.750429,street,Sustainable Connections directory,US Census geocoder,(360) 393-4362,connect@livingpantry.com,http://LivingPantry.com,Woman-owned,,Whatcom Smart Trips,Online Store;In-Store;Vending;Pick-Up/Delivery,https://sustainableconnections.org/living-pantry/,2026-10-01
local-180-market,Local 180 Market,Eat and drink,Grocers and Markets,Ferndale,Ferndale,6202 Portal Way Ferndale WA 98248,"6202 PORTAL WAY, FERNDALE, WA, 98248",48.866863,-122.584458,street,Sustainable Connections directory,US Census geocoder,360-656-5240,,http://www.twinsisterscreamery.com/,Woman-owned,,,In-Store,https://sustainableconnections.org/local-180-market/,2026-10-01
lockbreaker-escapes,LockBreaker Escapes,Have fun,Entertainment,Bellingham: City Center,Downtown: Commercial/Magnolia,"1208 Bay St, Bellingham WA 98225","1208 BAY ST, BELLINGHAM, WA, 98225",48.750265,-122.482357,street,Esri business listing,US Census geocoder,,info@lockbreakerescapes.com,http://www.lockbreakerescapes.com,,,"Paperless forms, reuse of materials",Online Store,https://sustainableconnections.org/lockbreaker-escapes/,2026-10-01
lummi-seafood-market,Lummi Seafood Market,Eat and drink,Grocers and Markets,Ferndale,Marina/Marine Dr/Squalicum,4920 Rural Avenue Ferndale WA 98248,"4920 RURAL AVE, FERNDALE, WA, 98248",48.820087,-122.554583,street,Sustainable Connections directory,US Census geocoder,(360) 920-3447,terryp@lummiseafoodmarket.com,http://www.linktr.ee/lummiseafoodmarket,Indigenous-Owned,,,Online Store;In-Store;Wholesale,https://sustainableconnections.org/lummi-seafood-market/,2026-10-01
lynden-dutch-bakery,Lynden Dutch Bakery,Eat and drink,Bakers and Bakeries,Lynden,Lynden,421 Front St. Lynden WA 98264,"421 FRONT ST, LYNDEN, WA, 98264",48.943011,-122.452066,street,Sustainable Connections directory,US Census geocoder,(360) 354-3911,info@lyndendutchbakery.com,http://www.lyndendutchbakery.com/,,,,Online Store;In-Store;Wholesale;Vending (non-storefront),https://sustainableconnections.org/lynden-dutch-bakery/,2026-10-01
lynden-farmers-market,Lynden Farmers Market,Eat and drink,Farms and Local Food,Lynden,Lynden,319 Grover Street Lynden WA 98264,"319 GROVER ST, LYNDEN, WA, 98264",48.944314,-122.451474,street,Sustainable Connections directory,US Census geocoder,(917) 971-8960,lyndenfarmersmarket@gmail.com,http://www.lyndenfarmersmarket.com,,,Accepts EBT/Food Stamps,Vending (non-storefront),https://sustainableconnections.org/lynden-farmers-market/,2026-10-01
lynden-tribune-and-ferndale-record,Lynden Tribune and Ferndale Record,Learn,Independent Media,Lynden,Lynden,"111 6th St, Lynden WA 98264","111 6TH ST, LYNDEN, WA, 98264",48.942495,-122.454511,street,lyndentribune.com,US Census geocoder,(360) 354-4444,editor@lyndentribune.com,http://www.lyndentribune.com,,yes,Community Energy Challenge;Watershed Pledge;Whatcom Smart Trips,,https://sustainableconnections.org/lynden-tribune-and-ferndale-record/,2026-10-01
mac-mac-electric-company-inc,"Mac & Mac Electric Company, Inc.","Home, office and garden",Plumbing Electrical and Heating/Cooling,Bellingham: Roosevelt,Bellingham: Roosevelt,1410 Iowa St. Bellingham WA 98226,"1410 IOWA ST, BELLINGHAM, WA, 98229",48.756383,-122.455993,street,Sustainable Connections directory,US Census geocoder,(360) 734-6530,info@macandmacelectric.com,http://www.macandmacelectric.com,Veteran-owned;Woman-owned,,,Services,https://sustainableconnections.org/mac-mac-electric-company-inc/,2026-10-01
madrona-gifts,Madrona Gifts,Shop locally,Specialty Shops,Bellingham: City Center,Bellingham: Lettered Streets,112 Ohio Street #214 Bellingham WA 98225,"112 OHIO ST, BELLINGHAM, WA, 98225",48.755078,-122.47485,street,Sustainable Connections directory,US Census geocoder,,info@madronagifts.com,http://www.madronagifts.com,Woman-owned,,,Online Store,https://sustainableconnections.org/madrona-gifts/,2026-10-01
maria-rose-forsythe-contracting,Maria Rose Forsythe contracting,"Home, office and garden",Construction and Carpentry,Bellingham: South Hill,Bellingham: South Hill,,,48.729486,-122.496904,area,neighbourhood given in the directory,Esri World geocoder,(952) 297-7466,maria.rose.forsythe@gmail.com,http://www.mariaroseforsythecontracting.com/,Woman-owned,,,Services,https://sustainableconnections.org/maria-rose-forsythe-contracting/,2026-10-01
misty-meadows-farm,Misty Meadows Farm,Eat and drink,Farms and Local Food,Everson,Everson,6155 Everson Goshen Rd Everson WA 98247,"6155 EVERSON GOSHEN RD, EVERSON, WA, 98247",48.863895,-122.375806,street,Sustainable Connections directory,US Census geocoder,480-819-4422,mistymeadowssocial@gmail.com,http://https://misty-meadows-farm.com/,,,Pasture-raised and organic style farming,Wholesale,https://sustainableconnections.org/misty-meadows-farm/,2026-10-01
mk-consulting,MK Consulting,Learn,Facilitation Training and Coaching,Bellingham: no storefront,,,,48.751907,-122.478717,area,neighbourhood given in the directory,Esri World geocoder,206-788-7568,coach@sarahmurphykangas.com,http://www.sarahmurphykangas.com,Woman-owned,,Bank Local First,Other,https://sustainableconnections.org/mk-consulting/,2026-10-01
molly-maguire-landscape-architecture,Molly Maguire Landscape Architecture,"Home, office and garden",Landscaping,Bellingham: Fairhaven,No Storefront,1106 Harris Avenue Suite 303 Bellingham WA 98225,"1106 HARRIS AVE, BELLINGHAM, WA, 98225",48.720073,-122.503234,street,Sustainable Connections directory,US Census geocoder,(360) 542-4052,mmaguire@mollymaguirela.com,http://https://www.houzz.com/pro/mmla/molly-maguire-landscape-architecture,Woman-owned,,Whatcom Smart Trips,Services,https://sustainableconnections.org/molly-maguire-landscape-architecture/,2026-10-01
mount-baker-chamber-of-commerce,Mount Baker Chamber of Commerce,Community,Nonprofit,"Mt. Baker Hwy – Deming, Maple Falls, Glacier","Mt. Baker Hwy – Deming, Maple Falls, Glacier","7509 Mt Baker Hwy, Maple Falls WA 98266","7509 MT Baker Hwy, Deming, Washington, 98244",48.923951,-122.076836,street,mtbakerchamber.org,Esri World geocoder,(360) 599-1518,info@mtbakerchamber.org,http://www.mtbakerchamber.org,,,"Toward Zero Waste, purchasing local whenever possible",,https://sustainableconnections.org/mount-baker-chamber-of-commerce/,2026-10-01
mt-baker-care-center-summit-place-assist,Mt. Baker Care Center & Summit Place Assisted Living,Your local life,Senior Services,Bellingham: South,,"2905 Connelly Ave, Bellingham WA 98225","2905 CONNELLY AVE, BELLINGHAM, WA, 98225",48.71288,-122.479502,street,directory,US Census geocoder,(360) 756-3203,admin@mtbakercarecenter.com,http://www.mtbakercarecenter.com,Woman-owned,,Community Energy Challenge;Eat Local First;Farm Fresh Workplace;Toward Zero Waste,Services,https://sustainableconnections.org/mt-baker-care-center-summit-place-assisted-living/,2026-10-01
mt-baker-care-center-summit-place-assist-2,Mt. Baker Care Center & Summit Place Assisted Living,Your local life,Senior Services,Bellingham: South,,"2901 Connelly Ave, Bellingham WA 98225","2901 CONNELLY AVE, BELLINGHAM, WA, 98225",48.712881,-122.479552,street,directory,US Census geocoder,(360) 756-3203,admin@mtbakercarecenter.com,http://www.mtbakercarecenter.com,Woman-owned,,Community Energy Challenge;Eat Local First;Farm Fresh Workplace;Toward Zero Waste,Services,https://sustainableconnections.org/mt-baker-care-center-summit-place-assisted-living/,2026-10-01
mt-baker-medical,Mt. Baker Medical,Get healthy and relax,Health,Bellingham: Fairhaven,Bellingham: Fairhaven,1200 Harris Ave Suite 308 Bellingham WA 98225,"1200 HARRIS AVE, BELLINGHAM, WA, 98225",48.720074,-122.502133,street,Sustainable Connections directory,US Census geocoder,(360) 498-7529,care@mtbakermedical.com,http://www.mtbakermedical.com,,,,Services,https://sustainableconnections.org/mt-baker-medical/,2026-10-01
mw-soapworks,MW Soapworks,Shop locally,Specialty Shops,Bellingham: City Center,Downtown: Commercial/Magnolia,1310 Commercial Street Bellingham WA 98225,"1310 COMMERCIAL ST, BELLINGHAM, WA, 98225",48.750519,-122.479934,street,Sustainable Connections directory,US Census geocoder,,mwsoapworks@gmail.com,http://www.mwsoapworks.com,Woman-owned;Disability-Owned;LGBTQIA+ Owned,,PSE Green Power Purchaser,Online Store;In-Store;Wholesale;Vending (non-storefront),https://sustainableconnections.org/mw-soapworks/,2026-10-01
mystic-heart-meditation-soundscapes,Mystic Heart Meditation Soundscapes,Get healthy and relax,Health,Bellingham: Samish,Bellingham: Samish,,,48.69907,-122.424721,area,neighbourhood given in the directory,Esri World geocoder,,vibes@mysticheartbeats.com,http://www.MysticHeartBeats.com,Woman-owned,,,Services,https://sustainableconnections.org/mystic-heart-meditation-soundscapes/,2026-10-01
nettles-farm,Nettles Farm,Have fun,Lodging,Lummi Island,Lummi Island,4300 Matia View Drive Lummi Island WA 98262,"4300 MATIA VIEW DR, LUMMI ISLAND, WA, 98262",48.737909,-122.71519,street,Sustainable Connections directory,US Census geocoder,(360) 758-7616,,http://nettlesfarm.com,,,,Services;Other,https://sustainableconnections.org/nettles-farm/,2026-10-01
new-whatcom-interiors,New Whatcom Interiors,"Home, office and garden",Building Materials,Bellingham: City Center,Downtown: State/Chestnut,1123 Railroad Ave. Bellingham WA 98225,"1123 RAILROAD AVE, BELLINGHAM, WA, 98225",48.747315,-122.480826,street,Sustainable Connections directory,US Census geocoder,(360) 671-3389,,http://www.newwhatcominteriors.com,,yes,PSE Green Power Purchaser,Services;Goods,https://sustainableconnections.org/new-whatcom-interiors/,2026-10-01
nine-lives-ranch,Nine Lives Ranch,Eat and drink,Farms and Local Food,Bellingham: Meridian,Bellingham: Meridian,,,48.789745,-122.486156,area,neighbourhood given in the directory,Esri World geocoder,(360) 927-8666,marley@theninelivesranch.com,http://www.theninelivesranch.com,Woman-owned,,,Online Store;Services;Vending (non-storefront),https://sustainableconnections.org/nine-lives-ranch/,2026-10-01
noble-chiropractic-movement-lab,Noble Chiropractic + Movement Lab,Get healthy and relax,Health,Bellingham: City Center,Downtown: Commercial/Magnolia,"119 Grand Ave, Suite C Bellingham WA 98225","119 GRAND AVE, BELLINGHAM, WA, 98225",48.752093,-122.47964,street,Sustainable Connections directory,US Census geocoder,(360) 671-7067,info@noblechiropractic.com,http://www.noblechiropractic.com,,,Whatcom Smart Trips,Services,https://sustainableconnections.org/noble-chiropractic-movement-lab/,2026-10-01
northwest-life-medicine-clinic,Northwest Life Medicine Clinic,Get healthy and relax,Health,Bellingham: City Center,Marina/Marine Dr/Squalicum,"851 Coho Way, Suite 202 Bellingham WA 98225","851 COHO WAY, BELLINGHAM, WA, 98225",48.758899,-122.503209,street,Sustainable Connections directory,US Census geocoder,(360) 746-6923,contact@nwlifemedicineclinic.com,http://www.NWLifeMedicine.com,Woman-owned,,,Services,https://sustainableconnections.org/northwest-life-medicine-clinic/,2026-10-01
northwest-washington-fair,Northwest Washington Fair,Have fun,Travel and Tourism,Lynden,Lynden,"1775 Front St, Lynden WA 98264","1775 FRONT ST, LYNDEN, WA, 98264",48.939331,-122.471869,street,nwwafair.com,US Census geocoder,(360) 303-3521,info@nwwafair.com,http://nwwafair.com,,,,,https://sustainableconnections.org/northwest-washington-fair/,2026-10-01
northwest-yarns-mercantile,Northwest Yarns & Mercantile,Have fun,Arts,Bellingham: City Center,Downtown: Commercial/Magnolia,206 W Magnolia St Bellingham WA 98225,"206 W MAGNOLIA ST, BELLINGHAM, WA, 98225",48.751539,-122.478727,street,Sustainable Connections directory,US Census geocoder,(360) 738-0167,info@nwyarns.com,http://nwyarns.com,Woman-owned,,Bank Local First;Community Energy Challenge;Toward Zero Waste,In-Store;Services,https://sustainableconnections.org/northwest-yarns-mercantile/,2026-10-01
oak-meadows-farm,Oak Meadows Farm,Eat and drink,Farms and Local Food,Ferndale,Ferndale,"6285 Noble Oaks Ln, Ferndale WA 98248","6285 NOBLE OAKS LN, FERNDALE, WA, 98248",48.870213,-122.524207,street,Eat Local First / LocalHarvest,US Census geocoder,(360) 384-6005,oakmeadows.farm@yahoo.com,http://www.oakmeadowsfarmllc.com,,,,In-Store;Wholesale,https://sustainableconnections.org/oak-meadows-farm/,2026-10-01
old-town-caf,Old Town Café,Eat and drink,Restaurants Cafés and Delis,Bellingham: City Center,Downtown: Forest/Holly,316 West Holly St. Bellingham WA 98225,"316 W HOLLY ST, BELLINGHAM, WA, 98225",48.75129,-122.481411,street,Sustainable Connections directory,US Census geocoder,(360) 671-4431,eat@theoldtowncafe.com,http://www.theoldtowncafe.com,Woman-owned,,Community Energy Challenge;Eat Local First;Toward Zero Waste;Watershed Pledge,In-Store,https://sustainableconnections.org/old-town-cafe/,2026-10-01
oostema-wagyu,Oostema Wagyu,Eat and drink,Farms and Local Food,Lynden,Lynden,"8402 Northwood Rd, Lynden WA 98264","8402 NORTHWOOD RD, LYNDEN, WA, 98264",48.946063,-122.407857,street,oostemafarmstead.com,US Census geocoder,,oostemafarmstead@gmail.com,http://www.oostemawagyu.com,,,,Online Store,https://sustainableconnections.org/oostema-wagyu/,2026-10-01
opportunity-council,Opportunity Council,Community,Nonprofit,Bellingham: City Center,Bellingham: City Center,1111 Cornwall Ave Bellingham WA 98225,"1111 CORNWALL AVE, BELLINGHAM, WA, 98225",48.747895,-122.482049,street,Sustainable Connections directory,US Census geocoder,(360) 734-5121,info@oppco.org,http://www.oppco.org,,yes,Community Energy Challenge;Farm Fresh Workplace;Whatcom Smart Trips,,https://sustainableconnections.org/opportunity-council/,2026-10-01
osprey-hill-farm,Osprey Hill Farm,Eat and drink,Farms and Local Food,"Hwy 9-Acme, Van Zandt, Saxon, Wickersham","Hwy 9-Acme, Van Zandt, Saxon, Wickersham","5800 Saxon Rd, Acme WA 98220","5800 SAXON RD, ACME, WA, 98220",48.687852,-122.174668,street,ospreyhillfarm.com / Puget Sound Food Hub,US Census geocoder,(360) 220-8281,ospreyhillfarm@yahoo.com,http://www.ospreyhillfarm.com,Woman-owned,,"Accepts EBT/Food Stamps, PSE Green Power Purchaser, Salmon Safe Certified",In-Store;Wholesale;Services;Vending,https://sustainableconnections.org/osprey-hill-farm/,2026-10-01
otherside-bagel-co,Otherside Bagel Co,Eat and drink,Bakers and Bakeries,Bellingham: City Center,Downtown: State/Chestnut,"929 N State St, Bellingham WA 98225","929 N STATE ST, BELLINGHAM, WA, 98225",48.744872,-122.482466,street,othersidebagels.com,US Census geocoder,(253) 797-6426,info@othersidebagels.com,http://othersidebagels.com,"Hand-rolled, organic bagels baked fresh daily! Locally owned and sourced.",,,In-Store;Wholesale,https://sustainableconnections.org/otherside-bagel-co/,2026-10-01
paellaworks-llc,Paellaworks LLC,Eat and drink,Catering,Bellingham: no storefront,No Storefront,,,48.751907,-122.478717,area,neighbourhood given in the directory,Esri World geocoder,360-961-3437,info@paellaworks.com,http://paellaworks.com,,,Eat Local First;Toward Zero Waste,Wholesale;Services;Vending,https://sustainableconnections.org/paellaworks-llc/,2026-10-01
paulson-financial-services-llc,"Paulson Financial Services, LLC",Your local life,Financial Consulting,Bellingham: Barkley,Bellingham: Barkley,2950 Newmarket Street Suite 101-333 Bellingham WA 98226,"2950 NEWMARKET ST, BELLINGHAM, WA, 98226",48.770646,-122.443438,street,Sustainable Connections directory,US Census geocoder,(360) 738-6968,paulsonj@ceteranetworks.com,http://paulsonfinancialservices.com,Woman-owned,,"Community Energy Challenge, Whatcom Smart Trips",Services,https://sustainableconnections.org/paulson-financial-services-llc/,2026-10-01
peacehealth-st-joseph-medical-center,PeaceHealth St. Joseph Medical Center,Get healthy and relax,Health,Bellingham: Cornwall Park,Bellingham: Cornwall Park,2901 Squalicum Pkwy Bellingham WA 98225,"2901 SQUALICUM PKWY, BELLINGHAM, WA, 98225",48.772315,-122.474737,street,Sustainable Connections directory,US Census geocoder,(360) 788-6797,sjh1@peacehealth.org,http://www.peacehealth.org,,,,,https://sustainableconnections.org/peacehealth-st-joseph-medical-center/,2026-10-01
perennial-zero-waste-llc,Perennial Zero Waste LLC,Community,Environmental Services,Bellingham: Birchwood,Bellingham: Birchwood,,,48.773953,-122.495808,area,neighbourhood given in the directory,Esri World geocoder,(760) 579-9093,info@perennialzero.com,http://www.perennialzero.com,Woman-owned,,,Services,https://sustainableconnections.org/perennial-zero-waste-llc/,2026-10-01
pickford-film-center,Pickford Film Center,Have fun,Entertainment,Bellingham: City Center,Bellingham: City Center,1318 Bay Street Bellingham WA 98225,"1318 BAY ST, BELLINGHAM, WA, 98225",48.751322,-122.480789,street,Sustainable Connections directory,US Census geocoder,(360) 647-1300,info@pickfordfilmcenter.org,http://www.pickfordfilmcenter.org,,,Community Energy Challenge;Toward Zero Waste,Online Store;In-Store,https://sustainableconnections.org/pickford-film-center/,2026-10-01
point-roberts-press-inc,"Point Roberts Press, Inc",Take care of business,Communications and Media,Blaine,Blaine,"225 Marine Dr, Blaine WA 98230","225 MARINE DR, BLAINE, WA, 98230",48.995939,-122.756584,street,pointrobertspress.com,US Census geocoder,(360) 332-1777,publisher@thenorthernlight.com,http://www.pointrobertspress.com,,,,,https://sustainableconnections.org/point-roberts-press-inc/,2026-10-01
port-of-bellingham,Port of Bellingham,Community,Government,Bellingham: City Center,Bellingham: Fairhaven,1801 Roeder Ave. Bellingham WA 98225,"1801 ROEDER AVE, BELLINGHAM, WA, 98225",48.758524,-122.497686,street,Sustainable Connections directory,US Census geocoder,(360) 676-2500,info@portofbellingham.com,http://www.portofbellingham.com,,yes,,In-Store;Wholesale;Services,https://sustainableconnections.org/port-of-bellingham/,2026-10-01
primavera-farm,Primavera farm,Eat and drink,Farms and Local Food,Everson,Everson,8893 Nooksack Road Everson WA 98247,"8893 NOOKSACK RD, EVERSON, WA, 98247",48.96351,-122.309291,street,Sustainable Connections directory,US Census geocoder,(360) 224-7670,anibal15ixcoy@gmail.com,http://primaverafarm.com,Latinx-owned,,,Wholesale;Vending (non-storefront),https://sustainableconnections.org/primavera-farm/,2026-10-01
project-landworks,Project Landworks,"Home, office and garden",Landscaping,Bellingham: City Center,Bellingham: City Center,100 Pine St. #202 Bellingham WA 98225,"100 PINE ST, BELLINGHAM, WA, 98225",48.742559,-122.489766,street,Sustainable Connections directory,US Census geocoder,(360) 474-3151,info@projectlandworks.com,http://www.projectlandworks.com,,,,Online Store;Services,https://sustainableconnections.org/project-landworks/,2026-10-01
puget-sound-cooperative-credit-union-psc,Puget Sound Cooperative Credit Union (PSCCU),Your local life,Banking,Bellevue,,"11201 SE 8th St, Bellevue WA 98004","11201 SE 8TH ST, BELLEVUE, WA, 98004",47.601402,-122.190605,street,psccu.org — no Whatcom or Skagit branch found,US Census geocoder,,askus@psccu.org,http://www.psccu.org/,,,,Services,https://sustainableconnections.org/puget-sound-cooperative-credit-union-psccu/,2026-10-01
puget-sound-food-hub,Puget Sound Food Hub,Eat and drink,Farms and Local Food,Mount Vernon,Mt. Vernon,"419 S. 1st St., Suite 200 Mount Vernon WA","419 S 1ST ST, MOUNT VERNON, WA, 98273",48.419967,-122.337613,street,Sustainable Connections directory,US Census geocoder,(360) 428-7106,info@pugetsoundfoodhub.com,http://www.pugetsoundfoodhub.com/,,,,Online Store,https://sustainableconnections.org/puget-sound-food-hub/,2026-10-01
pure-bliss-desserts,Pure Bliss Desserts,Eat and drink,Bakers and Bakeries,Bellingham: City Center,Bellingham: City Center,1424 Cornwall Avenue Bellingham WA 98225,"1424 CORNWALL AVE, BELLINGHAM, WA, 98225",48.750992,-122.477211,street,Sustainable Connections directory,US Census geocoder,(360) 739-1612,info@pureblissdesserts.com,http://www.pureblissdesserts.com,Woman-owned,,Community Energy Challenge;Eat Local First;Farm Fresh Workplace;PSE Green Power Purchaser;Toward Zero Waste;Watershed Pledge;Whatcom Smart Trips,In-Store;Wholesale;Goods,https://sustainableconnections.org/pure-bliss-desserts/,2026-10-01
rainshield-roofing-construction-inc,"Rainshield Roofing & Construction, Inc.","Home, office and garden",Construction and Carpentry,Ferndale,Ferndale,6067 Portal Way Ferndale WA 98248,"6067 PORTAL WAY, FERNDALE, WA, 98248",48.861763,-122.584807,street,Sustainable Connections directory,US Census geocoder,(360) 380-5290,info@rainshield.net,http://www.rainshield.net,"We are a locally owned Roofing, Siding and Weatherization Company that has been in business since 1988.",,,Services,https://sustainableconnections.org/rainshield-roofing-construction-inc/,2026-10-01
real-estate-for-real-people-powered-by-e,Real Estate for Real People – Powered by eXp Realty,"Home, office and garden",Real Estate,Bellingham: no storefront,No Storefront,,,48.751907,-122.478717,area,neighbourhood given in the directory,Esri World geocoder,(360) 961-6496,jeff@braimes.com,http://www.braimes.com,,,"PSE Green Power Purchaser, Whatcom Smart Trips",Services,https://sustainableconnections.org/real-estate-for-real-people-powered-by-exp-realty/,2026-10-01
recycling-disposal-services-inc,Recycling & Disposal Services Inc.,"Home, office and garden",Recycling and Waste Management,Ferndale,Ferndale,4916 La Bounty Place Ferndale WA 98248,"4916 LABOUNTY DR, FERNDALE, WA, 98248",48.819144,-122.562816,street,Sustainable Connections directory,US Census geocoder,(360) 384-8011,info@rdsdisposal.com,http://www.rdsdisposal.com/,,,Community Energy Challenge;Toward Zero Waste,Services,https://sustainableconnections.org/recycling-disposal-services-inc/,2026-10-01
relics-design-llc,Relics Design LLC,"Home, office and garden",Landscaping,Sedro-Woolley,Sedro-Woolley,,,48.503322,-122.235451,area,neighbourhood given in the directory,Esri World geocoder,(715) 776-0141,mckennakl@relicsdesign.com,http://www.relicsdesign.com,Woman-owned;LGBTQIA+ Owned,,"Net Zero’ in-house Sustainability Policy, Toward Zero Waste, Powered by Renewable Energy, and integrates Green Infrastructure in every project",Online Store;Services,https://sustainableconnections.org/relics-design-llc/,2026-10-01
rifugio-s-country-italian-cuisine,Rifugio’s Country Italian Cuisine,Eat and drink,Restaurants Cafés and Delis,"Mt. Baker Hwy – Deming, Maple Falls, Glacier","Mt. Baker Hwy – Deming, Maple Falls, Glacier",5415 Mt. Baker Hwy Deming WA 98244,"5415 MOUNT BAKER HWY, DEMING, WA, 98244",48.825102,-122.181796,street,Sustainable Connections directory,US Census geocoder,(360) 592-2888,ilcafferifugio@mac.com,http://www.ilcafferifugio.com,Veteran-owned;Asian-owned; My wife from Taiwan is partnered with me in owning Rifugio’s,,Community Energy Challenge;Eat Local First;PSE Green Power Purchaser,,https://sustainableconnections.org/rifugios-country-italian-cuisine/,2026-10-01
rome-bakery-and-market,Rome Bakery and Market,Eat and drink,Grocers and Markets,"Mt. Baker Hwy – Deming, Maple Falls, Glacier","Mt. Baker Hwy – Deming, Maple Falls, Glacier",2908 Mt Baker Hwy Bellingham WA 98226,"2908 MOUNT BAKER HWY, BELLINGHAM, WA, 98226",48.8149,-122.332173,street,Sustainable Connections directory,US Census geocoder,(360) 592-5841,admin@romebakeryandmarket.com,http://romebakeryandmarket.com,Woman-owned,,Eat Local First;Toward Zero Waste; Accepts EBT/Food Stamps,In-Store,https://sustainableconnections.org/rome-bakery-and-market/,2026-10-01
salish-center-for-sustainable-fishing-me,Salish Center for Sustainable Fishing Methods,Community,Nonprofit,Lummi Island,Lummi Island,"4300 Matia View Dr, Lummi Island WA 98262","4300 MATIA VIEW DR, LUMMI ISLAND, WA, 98262",48.737909,-122.71519,street,salishcenter.org,US Census geocoder,(360) 220-0013,riley@salishcenter.org,http://SalishCenter.org,,,,Services,https://sustainableconnections.org/salish-center-for-sustainable-fishing-methods/,2026-10-01
samson-estates-winery-llc,"Samson Estates Winery, LLC",Eat and drink,Beer Wine and Spirits,Lynden,Lynden,1861 Van Dyk Road Everson WA 98247,"1861 VAN DYK RD, EVERSON, WA, 98247",48.909723,-122.388856,street,Sustainable Connections directory,US Census geocoder,(360) 966-7787,info@samsonestates.com,http://www.samsonestates.com,,,,Online Store;In-Store;Wholesale,https://sustainableconnections.org/samson-estates-winery-llc/,2026-10-01
sandy-vale-s-shoe-repair,Sandy & Vale’s Shoe Repair,Shop locally,Shoes,Bellingham: City Center,Downtown: Forest/Holly,"1333 Railroad Ave, Bellingham WA 98225","1333 RAILROAD AVE, BELLINGHAM, WA, 98225",48.749469,-122.477674,street,Esri business listing,US Census geocoder,(360) 647-1274,sandyandvales@gmail.com,,Latinx-owned,,,In-Store;Wholesale;Services;Vending (non-storefront),https://sustainableconnections.org/sandy-vales-shoe-repair/,2026-10-01
sanitary-service-company-ssc-inc,"Sanitary Service Company (SSC), Inc.","Home, office and garden",Recycling and Waste Management,Bellingham: City Center,Marina/Marine Dr/Squalicum,"21 Bellwether Way, Bellingham WA 98225","21 BELLWETHER WAY, BELLINGHAM, WA, 98225",48.754499,-122.495816,street,directory (main office),US Census geocoder,(360) 734-3490,info@ssc-inc.com,http://www.ssc-inc.com,,yes,Enviro Stars;PSE Green Power Purchaser;Toward Zero Waste;Watershed Pledge;Whatcom Smart Trips,Services;Pick-Up/Delivery,https://sustainableconnections.org/sanitary-service-company-ssc-inc/,2026-10-01
sanitary-service-company-ssc-inc-2,"Sanitary Service Company (SSC), Inc.","Home, office and garden",Recycling and Waste Management,Bellingham: City Center,Marina/Marine Dr/Squalicum,"1001 Roeder Ave, Bellingham WA 98225","1001 ROEDER AVE, BELLINGHAM, WA, 98225",48.754741,-122.488757,street,directory (drop box & recycling center),US Census geocoder,(360) 734-3490,info@ssc-inc.com,http://www.ssc-inc.com,,yes,Enviro Stars;PSE Green Power Purchaser;Toward Zero Waste;Watershed Pledge;Whatcom Smart Trips,Services;Pick-Up/Delivery,https://sustainableconnections.org/sanitary-service-company-ssc-inc/,2026-10-01
saturna-capital,Saturna Capital,Your local life,Financial Consulting,Bellingham: York,Downtown: Forest/Holly,1300 N State St. Bellingham WA 98225,"1300 N STATE ST, BELLINGHAM, WA, 98225",48.748408,-122.476968,street,Sustainable Connections directory,US Census geocoder,(360) 734-9900,info@saturna.com,http://www.saturna.com,,,Community Energy Challenge;Farm Fresh Workplace;Toward Zero Waste;Whatcom Smart Trips,,https://sustainableconnections.org/saturna-capital-2/,2026-10-01
sc-consulting,SC Consulting,Learn,Facilitation Training and Coaching,Bellingham: Barkley,Bellingham: Barkley,,,48.770199,-122.445527,area,neighbourhood given in the directory,Esri World geocoder,(360) 325-9525,jake.anderson@scconsultingservice.com,http://sc-consulting.biz,,,"15% discount to renewables firms, companies working towards compliance w/ Washington’s Clean Buildings Act compliance and manufacturers pursuing sustainable practices like waste reduction, emissions control and green process improvements.",Services,https://sustainableconnections.org/sc-consulting/,2026-10-01
sea-witch-botanicals,Sea Witch Botanicals,Shop locally,Specialty Shops,Bellingham: Sunnyland,No Storefront,"1616 N State St, Bellingham WA 98225","1616 N STATE ST, BELLINGHAM, WA, 98225",48.752257,-122.471247,street,seawitchbotanicals.com,US Census geocoder,360-922-0774,info@seawitchbotanicals.com,http://www.seawitchbotanicals.com,Woman-owned,yes,PSE Green Power Purchaser; Toward Zero Waste; B Corp Certified; Whatcom Smart Trips,Online Store;Wholesale;Vending,https://sustainableconnections.org/sea-witch-botanicals/,2026-10-01
shanti-center-healing-arts-collective,Shanti Center Healing Arts Collective,Get healthy and relax,Health,Bellingham: Lettered Streets,Bellingham: Lettered Streets,"700 Dupont St, Bellingham WA 98225","700 DUPONT ST, BELLINGHAM, WA, 98225",48.755879,-122.482318,street,shanticenter.org,US Census geocoder,(360) 230-8479,info@shanticenter.org,http://www.shanticenter.org,Woman-owned,,,In-Store;Services,https://sustainableconnections.org/shanti-center-healing-arts-collective/,2026-10-01
sharper-by-parker-knife-sharpening,Sharper By Parker – Knife Sharpening,"Home, office and garden",Maintenance Repair and Cleaning,Bellingham: Samish,Bellingham: Samish,,,48.69907,-122.424721,area,neighbourhood given in the directory,Esri World geocoder,(360) 337-0374,parker@sharperbyparker.com,http://www.SharperByParker.com,,,,Services,https://sustainableconnections.org/sharper-by-parker-knife-sharpening/,2026-10-01
shenandoah-myrick-realtor-at-berkshire-h,Shenandoah Myrick – Realtor at Berkshire Hathaway HS Bayside Realty,"Home, office and garden",Real Estate,Bellingham: Fairhaven,,"1306 11th St, Bellingham WA 98225","1306 11TH ST, BELLINGHAM, WA, 98225",48.720031,-122.503467,street,shenandoah4homes.com,US Census geocoder,360-303-9083,shenandoah4homes@gmail.com,http://www.shenandoah4homes.com/,Woman-owned,,PSE Green Power Purchaser,Online Store;In-Store;Services;Other,https://sustainableconnections.org/shenandoah-myrick-realtor-at-berkshire-hathaway-hs-bayside-realty/,2026-10-01
shumway-s-berries,Shumway’s Berries,Eat and drink,Farms and Local Food,Everson,Everson,3957 Mt Baker Highway Everson WA 98247,"3957 MOUNT BAKER HWY, EVERSON, WA, 98247",48.84343,-122.275533,street,Sustainable Connections directory,US Census geocoder,(360) 815-7320,shumwaysberries@gmail.com,http://www.shumwaysberries.com/,,,,Goods;Pick-Up/Delivery,https://sustainableconnections.org/shumways-berries/,2026-10-01
skagit-valley-food-co-op,Skagit Valley Food Co-op,Eat and drink,Grocers and Markets,Mount Vernon,Mt. Vernon,202 S. First St. Mount Vernon WA 98273,"202 S 1ST ST, MOUNT VERNON, WA, 98273",48.421159,-122.336774,street,Sustainable Connections directory,US Census geocoder,(360) 336-9777,community@skagitfoodcoop.com,http://www.skagitfoodcoop.com,,,Accepts EBT/Food Stamps;Eat Local First;PSE Green Power Purchaser,In-Store,https://sustainableconnections.org/skagit-valley-food-co-op/,2026-10-01
skyline-advisors-inc,"Skyline Advisors, Inc.",Your local life,Financial Consulting,Bellingham: Happy Valley,Bellingham: Fairhaven,"405 32nd St., Ste 201 Bellingham WA 98225","405 32ND ST, BELLINGHAM, WA, 98225",48.730125,-122.475279,street,Sustainable Connections directory,US Census geocoder,(360) 671-1621,info@myskylineadvisor.com,http://www.skylineadvisors.com,,,,In-Store,https://sustainableconnections.org/skyline-advisors-inc/,2026-10-01
small-acres,Small Acres,Eat and drink,Farms and Local Food,"Mt. Baker Hwy – Deming, Maple Falls, Glacier","Mt. Baker Hwy – Deming, Maple Falls, Glacier","3811 Hatley Rd, Everson WA 98247","3811 HATLEY RD, EVERSON, WA, 98247",48.850789,-122.285207,street,smallacresfarm.com,US Census geocoder,(206) 755-1233,info@smallacresfarm.com,http://www.smallacresfarm.com,Woman-owned,,USDA Certified Organic,Online Store;Vending;Other;Pick-Up/Delivery,https://sustainableconnections.org/small-acres/,2026-10-01
solar-by-barron,Solar By Barron,"Home, office and garden",Renewable Energy,Ferndale,Ferndale,"5100 Pacific Hwy, Ferndale WA 98248","5100 PACIFIC HWY, FERNDALE, WA, 98248",48.826241,-122.556026,street,barronheating.com (same office as Barron Heating),US Census geocoder,(360) 676-1131,info@barronheating.com,http://www.barronheating.com/electrical-solar/solar,,,,Services,https://sustainableconnections.org/solar-by-barron/,2026-10-01
soulcraft-allstars,Soulcraft Allstars,Take care of business,Video Production,Bellingham: Columbia,Bellingham: Columbia,"2301 Victor St, Bellingham WA 98225","2301 VICTOR ST, BELLINGHAM, WA, 98225",48.760693,-122.495353,street,ZoomInfo company record,US Census geocoder,(206) 954-1777,hello@soulcraftallstars.com,http://www.soulcraftallstars.com,,,PSE Green Power Purchaser,Services,https://sustainableconnections.org/soulcraft-allstars/,2026-10-01
soundings-of-the-planet,Soundings of the Planet,Get healthy and relax,Health,Bellingham: South,Bellingham: Fairhaven,"2501 College Ave, Bellingham WA 98225","2501 COLLEGE AVE, BELLINGHAM, WA, 98225",48.707315,-122.484927,street,Esri business listing,US Census geocoder,(800) 937-3223,music@soundings.com,http://www.soundings.com,Woman-owned,,,Online Store;Wholesale,https://sustainableconnections.org/soundings-of-the-planet/,2026-10-01
spectrum-reproductive-health-and-gender-,Spectrum Reproductive Health and Gender Affirming Care,Get healthy and relax,Health,Bellingham: Puget,Bellingham: Fairhaven,"1200 Lakeway Dr, Bellingham WA 98229","1200 LAKEWAY DR, BELLINGHAM, WA, 98229",48.744864,-122.45977,street,spectrumreproductivehealth.com,US Census geocoder,(360) 230-4460,clinic@spectrumreproductivehealth.com,http://www.spectrumreproductivehealth.com/,Woman-owned;LGBTQIA+ Owned,,,In-Store;Services,https://sustainableconnections.org/spectrum-reproductive-health-and-gender-affirming-care/,2026-10-01
spiral-design-studios,Spiral Design Studios,"Home, office and garden",Architecture Engineering and Design,Bellingham: City Center,Bellingham: City Center,310 Flora Street Bellingham WA 98225,"310 FLORA ST, BELLINGHAM, WA, 98225",48.752925,-122.479787,street,Sustainable Connections directory,US Census geocoder,(360) 202-0635,michelle@spiraldesignstudios.com,http://spiraldesignstudios.com,Woman-owned,,Bank Local First,Services;Goods;Vending,https://sustainableconnections.org/spiral-design-studios/,2026-10-01
spotted-owl-farm,Spotted Owl Farm,Eat and drink,Farms and Local Food,Blaine,Blaine,"4371 Sweet Rd, Blaine WA 98230","4371 SWEET RD, BLAINE, WA, 98230",48.978981,-122.718663,street,spottedowlproduce.com,US Census geocoder,(360) 440-0847,spottedowlfarm@gmail.com,http://spottedowlproduce.com,,,,Online Store;In-Store;Wholesale;Other,https://sustainableconnections.org/spotted-owl-farm/,2026-10-01
steensma-creamery,Steensma Creamery,Eat and drink,Farms and Local Food,Lynden,Lynden,"9295 Axling Rd, Lynden WA 98264","9295 AXLING RD, LYNDEN, WA, 98264",48.97861,-122.513012,street,Eat Local First / WA Secretary of State record,US Census geocoder,,info@steensmacreamery.com,http://steensmacreamery.com,Woman-owned,,,In-Store;Wholesale,https://sustainableconnections.org/steensma-creamery/,2026-10-01
stones-throw-brewery,Stones Throw Brewery,Eat and drink,Beer Wine and Spirits,Bellingham: Fairhaven,Bellingham: Fairhaven,1009 Larrabee Avenue Bellingham WA 98225,"1009 LARRABEE AVE, BELLINGHAM, WA, 98225",48.71857,-122.50437,street,Sustainable Connections directory,US Census geocoder,(360) 362-5058,info@stonesthrowbrewco.com,http://www.stonesthrowbrewery.com,Woman-owned,,PSE Green Power Purchaser; Community Energy Challenge; Toward Zero Waste,In-Store;Wholesale,https://sustainableconnections.org/stones-throw-brewery/,2026-10-01
storia-cucina,Storia Cucina,Eat and drink,Restaurants Cafés and Delis,Bellingham: City Center,Downtown: State/Chestnut,"109 Grand Ave, Bellingham WA 98225","109 GRAND AVE, BELLINGHAM, WA, 98225",48.752004,-122.479638,street,storiacucina.com,US Census geocoder,360-734-1929,info@storiacucina.com,http://www.storiacucina.com,,,,Online Store;In-Store;Pick-Up/Delivery,https://sustainableconnections.org/storia-cucina/,2026-10-01
sundara-west,Sundara West,Have fun,Lodging,Everson,Everson,2265 Central Rd. Everson WA 98247,"2265 CENTRAL RD, EVERSON, WA, 98247",48.876488,-122.364746,street,Sustainable Connections directory,US Census geocoder,(360) 966-4959,sundarawest@gmail.com,http://www.sundarawestbnb.com,Veteran-owned;Woman-owned;Disability-Owned,,Toward Zero Waste,,https://sustainableconnections.org/sundara-west/,2026-10-01
sustainable-connections,Sustainable Connections,Community,Video Production,Bellingham: Sunnyland,Downtown: State/Chestnut,"1701 Ellis St, Bellingham WA 98225","1701 ELLIS ST, BELLINGHAM, WA, 98225",48.752002,-122.472278,street,sustainableconnections.org (Suite 221),US Census geocoder,(360) 647-7093,,,,,B Corp Certified,Vending (non-storefront),https://sustainableconnections.org/sustainable-connections/,2026-10-01
talbot-group-barkley-village,Talbot Group / Barkley Village,"Home, office and garden",Real Estate,Bellingham: Barkley,Bellingham: Alabama Hill,3104 Newmarket Street Bellingham WA 98226,"3104 NEWMARKET ST, BELLINGHAM, WA, 98226",48.771308,-122.443441,street,Sustainable Connections directory,US Census geocoder,(360) 671-6450,barkley@barkleyvillage.com,http://www.barkleyvillage.com,,,,,https://sustainableconnections.org/talbot-group-barkley-village/,2026-10-01
tam-tam-pizza,Tam Tam Pizza,Eat and drink,Catering,Bellingham: City Center,Bellingham: Whatcom Falls,"1427 Railroad Ave, Bellingham WA 98225","1427 RAILROAD AVE, BELLINGHAM, WA, 98225",48.750428,-122.476249,street,tamtampizza.com,US Census geocoder,(870) 612-7271,chef@tamtampizza.com,http://www.tamtampizza.com,LGBTQIA+ Owned;Asian-owned,,,Services,https://sustainableconnections.org/tam-tam-pizza/,2026-10-01
tam-tam-pizza-2,Tam Tam Pizza,Eat and drink,Catering,Bellingham: Fairhaven,Bellingham: Whatcom Falls,"1020 Harris Ave, Bellingham WA 98225","1020 HARRIS AVE, BELLINGHAM, WA, 98225",48.720073,-122.50425,street,Eat Local First / listings,US Census geocoder,(870) 612-7271,chef@tamtampizza.com,http://www.tamtampizza.com,LGBTQIA+ Owned;Asian-owned,,,Services,https://sustainableconnections.org/tam-tam-pizza/,2026-10-01
terramar-brewstillery,Terramar Brewstillery,Eat and drink,Beer Wine and Spirits,Bow-Edison,Bow-Edison,5715 Gilkey Ave Edsion WA 98232,"5715 GILKEY AVE, BOW, WA, 98232",48.562412,-122.443531,street,Sustainable Connections directory,US Census geocoder,(360) 399-6222,cheers@terramarcraft.com,http://www.terramarcraft.com,,,Community Energy Challenge,In-Store;Wholesale,https://sustainableconnections.org/terramar-brewstillery/,2026-10-01
the-c-shop,The C Shop,Eat and drink,Restaurants Cafés and Delis,Birch Bay,Birch Bay,4825 Alderson Road at Birch Bay Drive Birch Bay WA 98230,"ALDERSON RD & BIRCH BAY DR, BLAINE, WA, 98230",48.917758,-122.745079,street,Sustainable Connections directory,US Census geocoder,,us@thecshop.com,http://www.thecshop.com,Woman-owned,,Community Energy Challenge;Eat Local First;PSE Green Power Purchaser;Toward Zero Waste;Watershed Pledge,Online Store;In-Store,https://sustainableconnections.org/the-c-shop/,2026-10-01
the-chrysalis-inn-spa-curio-collection-b,"The Chrysalis Inn & Spa, Curio Collection by Hilton",Have fun,Lodging,Bellingham: South Hill,Bellingham: Fairhaven,804 10th St. Bellingham WA 98225,"804 10TH ST, BELLINGHAM, WA, 98225",48.726278,-122.505135,street,Sustainable Connections directory,US Census geocoder,360-756-1005,info@thechrysalisinn.com,http://www.hilton.com/en/hotels/blittqq-the-chrysalis-inn-and-spa-bellingham,,,Community Energy Challenge;Farm Fresh Workplace;Toward Zero Waste;Whatcom Smart Trips,In-Store;Services,https://sustainableconnections.org/the-chrysalis-inn-spa-curio-collection-by-hilton/,2026-10-01
the-daisy-cafe,The Daisy Cafe,Eat and drink,Restaurants Cafés and Delis,Bellingham: City Center,Downtown: Commercial/Magnolia,"114 W Magnolia St., Ste 102 Bellingham WA 98225","114 W MAGNOLIA ST, BELLINGHAM, WA, 98225",48.750923,-122.477803,street,Sustainable Connections directory,US Census geocoder,(360) 733-8996,daisycafe@comcast.net,http://www.thedaisycafe.com,,,Eat Local First;PSE Green Power Purchaser;Toward Zero Waste,In-Store,https://sustainableconnections.org/the-daisy-cafe/,2026-10-01
the-edison-granary,The Edison Granary,"Home, office and garden",Rental Services,Bow-Edison,Bow-Edison,"14136 Gilmore Ave, Bow WA 98232","14136 GILMORE AVE, BOW, WA, 98232",48.561048,-122.441614,street,edisongranary.com,US Census geocoder,(564) 900-3695,contact@edisongranary.com,http://edisongranary.com,,,PSE Green Power Purchaser,In-Store;Services,https://sustainableconnections.org/the-edison-granary/,2026-10-01
the-fairhaven-program,The Fairhaven Program,Learn,Education,Bellingham: Fairhaven,Bellingham: Fairhaven,"1106 Harris Ave, Bellingham WA 98225","1106 HARRIS AVE, BELLINGHAM, WA, 98225",48.720073,-122.503234,street,Esri business listing,US Census geocoder,(260) 230-8012,info@fairhavenprogram.org,http://www.fairhavenprogram.org,,,,In-Store,https://sustainableconnections.org/the-fairhaven-program/,2026-10-01
the-filling-station,The Filling Station,Eat and drink,Restaurants Cafés and Delis,Bellingham: Sunnyland,Bellingham: Sunnyland,"716 Alabama St, Bellingham WA 98225","716 ALABAMA ST, BELLINGHAM, WA, 98225",48.762968,-122.466074,street,fillingstationnw.com,US Census geocoder,(360) 715-1839,eat@fillingstationnw.com,http://fillingstationnw.com,,,Food Plus recycling; compostable service ware; surplus food donated to food Bank,In-Store;Pick-Up/Delivery,https://sustainableconnections.org/the-filling-station/,2026-10-01
the-filling-station-2,The Filling Station,Eat and drink,Restaurants Cafés and Delis,Bellingham: Fairhaven,Bellingham: Sunnyland,"1138 Finnegan Way, Bellingham WA 98225","1138 FINNEGAN WAY, BELLINGHAM, WA, 98225",48.722088,-122.503019,street,fillingstationnw.com,US Census geocoder,(360) 715-1839,eat@fillingstationnw.com,http://fillingstationnw.com,,,Food Plus recycling; compostable service ware; surplus food donated to food Bank,In-Store;Pick-Up/Delivery,https://sustainableconnections.org/the-filling-station/,2026-10-01
the-filling-station-3,The Filling Station,Eat and drink,Restaurants Cafés and Delis,Lynden,Bellingham: Sunnyland,"8874 Bender Rd, Lynden WA 98264","8874 BENDER RD, LYNDEN, WA, 98264",48.96222,-122.441045,street,fillingstationnw.com,US Census geocoder,(360) 715-1839,eat@fillingstationnw.com,http://fillingstationnw.com,,,Food Plus recycling; compostable service ware; surplus food donated to food Bank,In-Store;Pick-Up/Delivery,https://sustainableconnections.org/the-filling-station/,2026-10-01
the-galley,The Galley,Eat and drink,Restaurants Cafés and Delis,Lummi Island,Lummi Island,2106 South Nugent Road Lummi Island WA 98262,"2106 S NUGENT RD, LUMMI ISLAND, WA, 98262",48.71975,-122.682857,street,Sustainable Connections directory,US Census geocoder,(917) 683-9535,galley@islandergeneralstore.com,http://www.islandergeneralstore.com,,,,In-Store,https://sustainableconnections.org/the-galley/,2026-10-01
the-re-store,The RE Store,"Home, office and garden",Building Materials,Bellingham: Columbia,Bellingham: Meridian,2309 Meridian Bellingham WA 98225,"2309 MERIDIAN ST, BELLINGHAM, WA, 98225",48.761398,-122.486213,street,Sustainable Connections directory,US Census geocoder,(360) 647-5921,kurtg@re-store.org,http://www.re-store.org,,,Bank Local First;Community Energy Challenge;PSE Green Power Purchaser;Toward Zero Waste;Watershed Pledge;Whatcom Smart Trips,Online Store;In-Store,https://sustainableconnections.org/the-re-store/,2026-10-01
the-selkie-scoop,The Selkie Scoop,Eat and drink,Restaurants Cafés and Delis,Bellingham: City Center,Downtown: Forest/Holly,296 W. Laurel Container #9 Bellingham WA 98225,"296 W LAUREL ST, BELLINGHAM, WA, 98225",48.747688,-122.485122,street,Sustainable Connections directory,US Census geocoder,(360) 510-3283,sisters@theselkiescoop.com,http://www.theselkiescoop.com,Woman-owned,,,In-Store,https://sustainableconnections.org/the-selkie-scoop/,2026-10-01
the-skagit-table,The Skagit Table,Eat and drink,Restaurants Cafés and Delis,Mount Vernon,Mt. Vernon,"225 S 1st St, Mount Vernon WA 98273","225 S 1ST ST, MOUNT VERNON, WA, 98273",48.421088,-122.336993,street,theskagittable.com,US Census geocoder,(360) 312-4074,contact@theskagittable.com,http://www.theskagittable.com/,Woman-owned,,,In-Store;Services,https://sustainableconnections.org/the-skagit-table/,2026-10-01
the-union-coffee-shop,The Union Coffee Shop,Eat and drink,"Coffee, Tea & Soda",Bellingham: City Center,Downtown: Commercial/Magnolia,114 W Magnolia St #202 Bellingham WA 98225,"114 W MAGNOLIA ST, BELLINGHAM, WA, 98225",48.750923,-122.477803,street,Sustainable Connections directory,US Census geocoder,(360) 733-8996,theunioncoffeeshop@comcast.net,http://theunioncoffee.com,,,,In-Store,https://sustainableconnections.org/the-union-coffee-shop/,2026-10-01
the-vault-wine-bar-and-bistro,The Vault Wine Bar and Bistro,Eat and drink,Restaurants Cafés and Delis,Birch Bay,Birch Bay,277 G St Blaine WA 98230,"277 G ST, BLAINE, WA, 98230",48.995,-122.750227,street,Sustainable Connections directory,US Census geocoder,(360) 392-0955,joni@thevaultwine.com,http://www.thevaultwine.com,Woman-owned,,Toward Zero Waste,Services;Other,https://sustainableconnections.org/the-vault-wine-bar-and-bistro/,2026-10-01
third-planet-boutique,Third Planet Boutique,Shop locally,Clothing and Accessories,Bellingham: City Center,Downtown: Forest/Holly,"200 W Holly St, Bellingham WA 98225","200 W HOLLY ST, BELLINGHAM, WA, 98225",48.750505,-122.480201,street,Esri business listing,US Census geocoder,(360) 778-3765,3pbellingham@gmail.com,http://www.thirdplanetboutique.com/,Woman-owned;LGBTQIA+ Owned,,"Whatcom Smart Trips,AbiliTrek Certified",In-Store,https://sustainableconnections.org/third-planet-boutique/,2026-10-01
tony-s-coffee,Tony’s Coffee,Eat and drink,"Coffee, Tea & Soda",Bellingham: Irongate,Bellingham: Irongate,"2033 Division St, Bellingham WA 98226","2033 DIVISION ST, BELLINGHAM, WA, 98226",48.782285,-122.449742,street,Esri business listing (roastery),US Census geocoder,360-733-6319,info@tonyscoffee.com,http://www.tonyscoffee.com/,,,100% green power; doubled roasting efficiency; offset roastery’s carbon footprint; Fair Trade Sourcing,Online Store;Wholesale;Pick-Up/Delivery,https://sustainableconnections.org/tonys-coffee/,2026-10-01
topaz-salon,Topaz Salon,Get healthy and relax,Salons and Spas,Bellingham: City Center,Downtown: State/Chestnut,1213 N State St Bellingham WA 98225,"1213 N STATE ST, BELLINGHAM, WA, 98225",48.747579,-122.478446,street,Sustainable Connections directory,US Census geocoder,(360) 201-5463,topazsalongallery@gmail.com,http://www.topaz-salon.com,Woman-owned,,,In-Store;Services,https://sustainableconnections.org/topaz-salon/,2026-10-01
tortillas-con-madre,Tortillas Con Madre,Eat and drink,Farms and Local Food,Lynden,Lynden,"612 E Maberry Dr, Lynden WA 98264","612 E MABERRY DR, LYNDEN, WA, 98264",48.956974,-122.442185,street,Eat Local First listing,US Census geocoder,(360) 354-0607,info@tortillasconmadre.com,http://tortillasconmadre.com,Woman-owned;Latinx-owned,,,Wholesale;Goods,https://sustainableconnections.org/tortillas-con-madre/,2026-10-01
true-bearing-built,True Bearing Built,"Home, office and garden",Construction and Carpentry,Bellingham: York,Bellingham: City Center,"1326 N Garden St, Suite 103 Bellingham WA 98225","1326 N GARDEN ST, BELLINGHAM, WA, 98225",48.747309,-122.474535,street,Sustainable Connections directory,US Census geocoder,(360) 399-3111,admin@truebearingbuilt.com,http://www.truebearingbuilt.com,,,Phius Certified Builders,Services,https://sustainableconnections.org/true-bearing-built/,2026-10-01
truly-electric-solar,Truly Electric & Solar,"Home, office and garden",Renewable Energy,Bellingham: Sunnyland,Bellingham: Sunnyland,400 E Sunset Dr Bellingham WA 98225,"400 E SUNSET DR, BELLINGHAM, WA, 98225",48.769951,-122.466316,street,Sustainable Connections directory,US Census geocoder,(360) 228-9200,stockton_brad@yahoo.com,,,,,Services,https://sustainableconnections.org/truly-electric-solar/,2026-10-01
twin-brook-creamery,Twin Brook Creamery,Eat and drink,Farms and Local Food,Lynden,,9728 Double Ditch Rd. Lynden WA 98264,"9728 DOUBLE DITCH RD, LYNDEN, WA, 98264",48.99537,-122.474002,street,Sustainable Connections directory,US Census geocoder,(360) 354-4105,twinbrook@twinbrookcreamery.com,http://www.twinbrookcreamery.com,,,Eat Local First,Wholesale,https://sustainableconnections.org/twin-brook-creamery/,2026-10-01
twin-sisters-creamery,Twin Sisters Creamery,Eat and drink,Farms and Local Food,Ferndale,Ferndale,6202 Portal Way Ferndale WA 98248,"6202 PORTAL WAY, FERNDALE, WA, 98248",48.866863,-122.584458,street,Sustainable Connections directory,US Census geocoder,(360) 739-1300,lindsay@twinsisterscreamery.com,http://www.twinsisterscreamery.com,,,,In-Store;Wholesale;Vending,https://sustainableconnections.org/twin-sisters-creamery/,2026-10-01
twin-sisters-mobile-market,Twin Sisters Mobile Market,Eat and drink,Grocers and Markets,Bellingham: Birchwood,"Mt. Baker Hwy – Deming, Maple Falls, Glacier","1703 Birchwood Ave, Bellingham WA 98225","1703 BIRCHWOOD AVE, BELLINGHAM, WA, 98225",48.775265,-122.492041,street,directory (Birchwood stop),US Census geocoder,(206) 940-8482,info@twinsistersmarket.com,http://www.twinsistersmarket.com,,,Accepts EBT/Food Stamps,Other,https://sustainableconnections.org/twin-sisters-mobile-market/,2026-10-01
twin-sisters-mobile-market-2,Twin Sisters Mobile Market,Eat and drink,Grocers and Markets,"Mt. Baker Hwy – Deming, Maple Falls, Glacier","Mt. Baker Hwy – Deming, Maple Falls, Glacier","4885 Mt Baker Hwy, Deming WA 98244","4885 Mt Baker Hwy, Deming, Washington, 98244",48.828882,-122.22544,street,directory (Deming Quick Stop),Esri World geocoder,(206) 940-8482,info@twinsistersmarket.com,http://www.twinsistersmarket.com,,,Accepts EBT/Food Stamps,Other,https://sustainableconnections.org/twin-sisters-mobile-market/,2026-10-01
twin-sisters-mobile-market-3,Twin Sisters Mobile Market,Eat and drink,Grocers and Markets,"Mt. Baker Hwy – Deming, Maple Falls, Glacier","Mt. Baker Hwy – Deming, Maple Falls, Glacier","7506 Kendall Rd, Maple Falls WA 98266","7506 KENDALL RD, MAPLE FALLS, WA, 98266",48.917212,-122.138159,street,directory (North Fork Library stop),US Census geocoder,(206) 940-8482,info@twinsistersmarket.com,http://www.twinsistersmarket.com,,,Accepts EBT/Food Stamps,Other,https://sustainableconnections.org/twin-sisters-mobile-market/,2026-10-01
unity-care-nw,Unity Care NW,Community,Nonprofit,Bellingham: City Center,Bellingham: City Center,1616 Cornwall Ave Bellingham WA 98225,"1616 CORNWALL AVE, BELLINGHAM, WA, 98225",48.752965,-122.47506,street,Sustainable Connections directory,US Census geocoder,(360) 676-6177,,http://unitycarenw.org/,,,Community Energy Challenge;Whatcom Smart Trips,Services,https://sustainableconnections.org/unity-care-nw/,2026-10-01
valley-grown-produce,Valley Grown Produce,Eat and drink,Farms and Local Food,Burlington,Burlington,"13007 Avon Allen Rd, Mount Vernon WA 98273","13007 AVON ALLEN RD, MOUNT VERNON, WA, 98273",48.456874,-122.380611,street,directory (gives Burlington; the address sits in Mount Vernon),US Census geocoder,(360) 399-5868,prc900401@gmail.com,http://www.eatlocalfirst.org/listing/burlington/valley-grown-produce/,,,,In-Store;Goods,https://sustainableconnections.org/valley-grown-produce/,2026-10-01
verduras-organicas-mexicanas,Verduras Organicas Mexicanas,Eat and drink,Farms and Local Food,Mount Vernon,Mt. Vernon,16146 McLean Road Mount Vernon WA 98273,"16146 MCLEAN RD, MOUNT VERNON, WA, 98273",48.420916,-122.397198,street,Sustainable Connections directory,US Census geocoder,(360) 941-3971,verduras.organicas.mex@gmail.com,http://www.eatlocalfirst.org/listing/mount-vernon/verduras-organicas-mexicanas-llc/,Latinx-owned,,,In-Store;Goods,https://sustainableconnections.org/verduras-organicas-mexicanas/,2026-10-01
veritas-massage-studio,Veritas Massage Studio,Get healthy and relax,Health,Bellingham: Puget,Bellingham: Puget,"1221 Fraser St, Suite E101 Bellingham WA 98229","1221 FRASER ST, BELLINGHAM, WA, 98229",48.751884,-122.459196,street,Sustainable Connections directory,US Census geocoder,(360) 441-2526,wellness@veritasmassage.com,http://www.veritasmassage.com,Woman-owned,,Bank Local First;PSE Green Power Purchaser;Toward Zero Waste,Services,https://sustainableconnections.org/veritas-massage-studio/,2026-10-01
village-books-and-paper-dreams,Village Books and Paper Dreams,Learn,Books and Magazines,Bellingham: Fairhaven,Bellingham: Fairhaven,1200 11th Street Bellingham WA 98225,"1200 11TH ST, BELLINGHAM, WA, 98225",48.720841,-122.503467,street,Sustainable Connections directory,US Census geocoder,360-671-2626,biblioinfo@villagebooks.com,http://www.villagebooks.com,Woman-owned;LGBTQIA+ Owned,yes,Bank Local First;PSE Green Power Purchaser;Toward Zero Waste;Watershed Pledge;Whatcom Smart Trips,Online Store;In-Store,https://sustainableconnections.org/village-books-and-paper-dreams/,2026-10-01
wandering-chef-will,Wandering Chef Will,Eat and drink,Restaurants Cafés and Delis,Bellingham: no storefront,No Storefront,,,48.751907,-122.478717,area,neighbourhood given in the directory,Esri World geocoder,(360) 920-2338,wanderingchefwill@gmail.com,http://Wanderingchefwill.com,,,,Other,https://sustainableconnections.org/wandering-chef-will/,2026-10-01
wandke-accessibility,Wandke Accessibility,Take care of business,Website Hosting and Design,Bellingham: no storefront,,,,48.751907,-122.478717,area,neighbourhood given in the directory,Esri World geocoder,,contact@wandke.com,http://wandke.com,Disability-Owned,,Certified B-Corp; Disability Owned Business Enterprise (DOBE) Certified Business,Online Store,https://sustainableconnections.org/wandke-accessibility/,2026-10-01
washington-center-for-employee-ownership,Washington Center for Employee Ownership,Community,Nonprofit,Bellingham: City Center,Bellingham: City Center,1500 Cornwall Ave #202 Bellingham WA 98225,"1500 CORNWALL AVE, BELLINGHAM, WA, 98225",48.751793,-122.476031,street,Sustainable Connections directory,US Census geocoder,(360) 671-6463,,http://www.employeeownershipwa.org/,,,,Services,https://sustainableconnections.org/washington-center-for-employee-ownership/,2026-10-01
water-tank-bakery,Water Tank Bakery,Eat and drink,Bakers and Bakeries,Burlington,Burlington,11777 Water Tank Rd. Unit C. Burlington WA 98233,"11777 WATER TANK RD, BURLINGTON, WA, 98233",48.475738,-122.413062,street,Sustainable Connections directory,US Census geocoder,,rachaelandbread@gmail.com,http://www.watertankbakery.com,Woman-owned,,,In-Store;Wholesale,https://sustainableconnections.org/water-tank-bakery/,2026-10-01
wee-ones-reruns-inc,"Wee Ones Reruns, Inc.",Shop locally,Children and Baby,Bellingham: Sunnyland,Bellingham: Roosevelt,2450 James St. Bellingham WA 98225,"2450 JAMES ST, BELLINGHAM, WA, 98225",48.76238,-122.464837,street,Sustainable Connections directory,US Census geocoder,(360) 733-6794,,http://www.weeonesreruns.net,,,Watershed Pledge,In-Store,https://sustainableconnections.org/wee-ones-reruns-inc/,2026-10-01
west-coast-equity-group,West Coast Equity Group,"Home, office and garden",Real Estate,Bellingham: Puget,,"913 Lakeway Dr, Bellingham WA 98229","913 LAKEWAY DR, BELLINGHAM, WA, 98229",48.745012,-122.463587,street,Esri business listing,US Census geocoder,,,,,,,,https://sustainableconnections.org/west-coast-equity-group/,2026-10-01
western-solar-inc,Western Solar Inc.,"Home, office and garden",Renewable Energy,Bellingham: Cordata,Bellingham: Meridian,"4326 Pacific Hwy, Bellingham WA 98226","4326 PACIFIC HWY, BELLINGHAM, WA, 98226",48.796612,-122.527295,street,westernsolarinc.com,US Census geocoder,(360) 746-0859,info@westernsolarinc.com,http://www.westernsolarinc.com,,,Community Energy Challenge; Enviro Stars; PSE Green Power Purchaser,Services,https://sustainableconnections.org/western-solar-inc/,2026-10-01
western-sun-lavender-farm,Western Sun Lavender Farm,Eat and drink,Farms and Local Food,Whidbey Island: Coupeville,Whidbey Island: Coupeville,"2530 Darst Rd, Coupeville WA 98239","2530 DARST RD, COUPEVILLE, WA, 98239",48.242909,-122.753793,street,westernsunlavender.com,US Census geocoder,(206) 786-8680,westernsunlavender@gmail.com,http://www.westernsunlavender.com,Woman-owned,,,Online Store;In-Store;Wholesale,https://sustainableconnections.org/western-sun-lavender-farm/,2026-10-01
whatcom-community-foundation,Whatcom Community Foundation,Community,Nonprofit,Bellingham: City Center,Bellingham: City Center,"1500 Cornwall Avenue, Suite 202 Bellingham WA 98225","1500 CORNWALL AVE, BELLINGHAM, WA, 98225",48.751793,-122.476031,street,Sustainable Connections directory,US Census geocoder,(360) 671-6463,wcf@whatcomcf.org,http://www.whatcomcf.org,,,Community Energy Challenge;Toward Zero Waste,,https://sustainableconnections.org/whatcom-community-foundation/,2026-10-01
whatcom-dispute-resolution-center,Whatcom Dispute Resolution Center,Learn,Facilitation Training and Coaching,Bellingham: City Center,Bellingham: City Center,206 Prospect Street Bellingham WA 98225,"206 PROSPECT ST, BELLINGHAM, WA, 98225",48.752969,-122.480952,street,Sustainable Connections directory,US Census geocoder,(360) 676-0122,wdrc@whatcomdrc.org,http://www.whatcomdrc.org,Woman-owned,,Bank Local First;Community Energy Challenge;Toward Zero Waste;Whatcom Smart Trips,,https://sustainableconnections.org/whatcom-dispute-resolution-center/,2026-10-01
whatcom-educational-credit-union-wecu,Whatcom Educational Credit Union (WECU),Your local life,Banking,Bellingham: Sehome,Downtown: Forest/Holly,600 E Holly St Bellingham WA 98225,"600 E HOLLY ST, BELLINGHAM, WA, 98225",48.746309,-122.473993,street,Sustainable Connections directory,US Census geocoder,(360) 676-1168,,http://www.wecu.com,,yes,Bank Local First;Community Energy Challenge;Farm Fresh Workplace;PSE Green Power Purchaser;Watershed Pledge;Whatcom Smart Trips,,https://sustainableconnections.org/whatcom-educational-credit-union-wecu/,2026-10-01
whatcom-transportation-authority-wta,Whatcom Transportation Authority (WTA),Your local life,Transportation,Bellingham: Irongate,Bellingham: Irongate,4011 Bakerview Spur Bellingham WA 98226,"4011 BAKERVIEW SPR, BELLINGHAM, WA, 98226",48.786203,-122.448036,street,Sustainable Connections directory,US Census geocoder,,comment@ridewta.com,http://www.ridewta.com,,yes,PSE Green Power Purchaser;Whatcom Smart Trips,,https://sustainableconnections.org/whatcom-transportation-authority-wta/,2026-10-01
white-barn-floral-co,White Barn Floral Co,Eat and drink,Farms and Local Food,Lynden,Lynden,7474 Noon Road Lynden WA 98264,"7474 NOON RD, LYNDEN, WA, 98264",48.912883,-122.397618,street,Sustainable Connections directory,US Census geocoder,(360)305-2799,whitebarnfloralco@gmail.com,http://whitebarnfloralco.com,Woman-owned,,,Wholesale;Services;Goods,https://sustainableconnections.org/white-barn-floral-co/,2026-10-01
widnor-farms,Widnor Farms,Eat and drink,Farms and Local Food,Custer,Custer,"1858 W Badger Rd, Custer WA 98240","1858 W BADGER RD, CUSTER, WA, 98240",48.964678,-122.582908,street,Esri business listing,US Census geocoder,(360) 941-0935,brianna@widnorfarms.com,http://www.widnorfarms.com,Woman-owned,,,Online Store;In-Store,https://sustainableconnections.org/widnor-farms/,2026-10-01
wild-bird-chalet,Wild Bird Chalet,Your local life,Pet and Animal Care,Bellingham: City Center,Bellingham: City Center,108 Ohio St Bellingham WA 98225,"108 OHIO ST, BELLINGHAM, WA, 98225",48.755078,-122.474902,street,Sustainable Connections directory,US Census geocoder,(360) 734-0969,sales@wildbirdchalet.com,http://wildbirdchalet.com,Woman-owned,,,Online Store;In-Store,https://sustainableconnections.org/wild-bird-chalet/,2026-10-01
wright-brothers-farm,Wright Brothers Farm,Eat and drink,Farms and Local Food,Ferndale,No Storefront,"6785 Enterprise Rd, Ferndale WA 98248","6785 ENTERPRISE RD, FERNDALE, WA, 98248",48.886981,-122.58396,street,Esri business listing,US Census geocoder,(206) 390-2978,craig@wrightbrothersfarm.com,http://www.wrightbrothersfarm.com,,,,Wholesale;Vending,https://sustainableconnections.org/wright-brothers-farm/,2026-10-01
yeager-s-sporting-goods-marina-inc,"Yeager’s Sporting Goods & Marina, Inc.",Have fun,Sporting Goods,Bellingham: Columbia,Bellingham: Columbia,3101 Northwest Ave Bellingham WA 98225,"3101 NORTHWEST AVE, BELLINGHAM, WA, 98225",48.771641,-122.494055,street,Sustainable Connections directory,US Census geocoder,(360) 733-1080,contactyeagers@gmail.com,http://yeagerssportinggoods.com,,,Bank Local First,In-Store,https://sustainableconnections.org/yeagers-sporting-goods-marina-inc/,2026-10-01
# Sustainable Connections Local Business Directory, read 2026-10-01. Compiled Oct 2026 by Marc Pierson with Claude Opus 5.5.
